high	A000001	bcd76aa4	The number of groups satisfies a(i)a(j)<=a(ij) for all nonnegative i,j.	I conjecture that a(i) * a(j) <= a(i*j) for all nonnegative integers i and j.
high	A000001	bee8ff51	Every orbit obtained by iterating the finite-group counting function gnu eventually consists only of 1's.	It is conjectured in (J. H. Conway, Heiko Dietrich and E. A. O'Brien, 2008) that the sequence n -> a(n) -> a(a(n)) = a^2(n) -> a(a(a(n))) = a^3(n) -> ... -> consists ultimately of 1s, where a(n), denoted by gnu(n), is called the "group number of n". - _Muniru A Asiru_, Nov 19 2017
high	A000215	605715e4	Only the first five Fermat numbers are prime.	It is conjectured that just the first 5 numbers in this sequence are primes.
high	A000241	3650acd8	The crossing number of K_n is C(floor(n/2),2)*C(floor((n-1)/2),2).	Another version of the conjecture is that a(n)=C(floor(n/2),2)*C(floor((n-1)/2),2).
high	A000594	a494bf56	For all m,n, tau(m)^2+tau(n)^2 is not a perfect power.	Conjecture: a(m)^2 + a(n)^2 can never be a perfect power.
high	A000594	c44632ed	Ramanujan's tau(n) is nonzero for every positive n.	It is conjectured that tau(n) is never zero (this has been verified for n < 816212624008487344127999, see the Derickx, van Hoeij, Zeng reference).
high	A000769	b99e7d5c	For all sufficiently large n there are no ways, up to symmetry, to place 2n points on an n by n grid with no three collinear.	It is conjectured that a(n)=0 for all sufficiently large n.
high	A000926	cec88ff0	The displayed list contains all idoneal numbers.	It is conjectured that the list given here is complete. Chowla showed that the list is finite and Weinberger showed that there is at most one further term.
high	A000928	bb4b7229	Regular primes have asymptotic relative density 1/sqrt(e) among all primes.	in fact it is a plausible conjecture that only an asymptotic fraction 1/Sqrt(e) ~ 0.6 of all primes are regular.
high	A000931	640616d9	A000931: Zagier conjectures that a(n+3) is the maximum number of multiple zeta values of weight n > 1 which are linearly independent over the rationals.	Zagier conjectures that a(n+3) is the maximum number of multiple zeta values of weight n > 1 which are linearly independent over the rationals.
high	A002106	336e32ee	A002106(n) equals the number of Galois groups arising from irreducible degree-n polynomials in the intended fixed-base-field setting.	It is conjectured that this is the number of Galois groups for irreducible polynomials of order n. (All such Galois groups are transitive.) - _Charles R Greathouse IV_, May 28 2014
high	A002559	246b3195	Infinitely many Markoff numbers are prime.	It is conjectured that infinitely many Markoff numbers are prime.
high	A002804	7b7af079	Waring's function g(n) equals 2^n+floor((3/2)^n)-2 for every n.	It is known (Kubina and Wunderlich, 1990) that g(n) = 2^n + floor((3/2)^n) - 2 for all n <= 471600000. This formula is conjectured to be correct for all n (see A174420).
high	A005385	1a3fec71	There are infinitely many safe primes, with the stated asymptotic density.	It is conjectured that there are infinitely many safe primes, and their estimated asymptotic density ~ 2C/(log n)^2 (where C = 0.66... is the twin prime constant A005597) converges to the actual value as far as we know. - _M. F. Hasler_, Jun 14 2021
high	A006549	b6f2794c	The sequence of integers k for which k and k+1 are both prime powers is infinite.	It is not known whether this sequence is infinite, but is conjectured to be since:
high	A006560	d9a9a92c	There are arbitrarily long arithmetic progressions consisting of consecutive primes.	It is conjectured that there are arithmetic progressions of n consecutive primes for any n.
high	A006577	2a6698fe	Every positive integer reaches 1 under iteration of the Collatz map.	It is conjectured that the answer is yes.
high	A014085	8a8ac3fb	The least threshold K such that every interval from n^k to (n+1)^k contains a prime for all k>K is log(127)/log(16).	Legendre's conjecture can be generalized as follows: for all integers n > 0 and all real numbers k > K, there is a prime in the range n^k to (n+1)^k. The constant K is conjectured to be log(127)/log(16). See A143935. - _T. D. Noe_, Sep 05 2008
high	A014092	689454d4	Every even integer greater than 2 is the sum of two primes.	every even number larger than 2 is the sum of 2 primes.
high	A016777	9c59b9c9	Every n-element positive-integer set with property P has maximum at least 3n-2.	Erdős & Sárközy conjecture that a set of n positive integers with property P must have some element at least a(n-1) = 3n - 2. Property P states that, for x, y, and z in the set and z < x, y, z does not divide x+y.
high	A022008	49ac8a28	There are infinitely many prime sextuples of the form p, p+4, p+6, p+10, p+12, p+16.	It is conjectured that there are infinitely many such sextuples.
high	A023108	1f7f4f61	196 is the least decimal reverse-and-add starting value whose trajectory never reaches a palindrome.	196 is conjectured to be smallest initial term which does not lead to a palindrome.
high	A023193	e401d286	A023193(n) equals the largest number of primes occurring in infinitely many intervals of n consecutive integers.	Conjecturally, a(n) is the largest number of primes that occurs on an infinite number of intervals of n consecutive integers.
high	A036262	80d9d9b0	Every noninitial row of the iterated absolute-difference array of the primes begins with 1.	The conjecture is that the leading term is always 1.
high	A040051	e1b88c8d	The partition numbers p(n) are asymptotically equally often even and odd.	It is conjectured (T. R. Parkin and D. Shanks) that p(n) is equally often even and odd.
high	A045917	8bb3fcdb	The Halberstam-Richert upper bound for Goldbach representation counts holds with leading factor 2 instead of 8.	It is conjectured that the factor 8 can be replaced by 2.
high	A046094	522df3f2	For n>1, -n*Bernoulli(n-1) is congruent to 1 modulo n if and only if n is prime.	Agoh's congruence; a(n) is conjectured to be 1 iff n is prime.
high	A046747	12b3954c	The singularity probability of a uniform n-by-n binary matrix is asymptotic to binomial(n+1,2) times 2^(1-n).	The probability that a random n X n {0,1}-matrix is singular is conjectured to be asymptotic to C(n+1, 2)*(1/2)^(n-1).
high	A050412	5ddb0981	509203 is the smallest Riesel number.	It is conjectured that n = 509203 is the smallest Riesel number, i.e., n*2^k - 1 is composite for every k>0. - _Robert G. Wilson v_, Mar 01 2015. [This would imply that a(509203) is the first zero term in this sequence. - _N. J. A. Sloane_, Jul 31 2024]
high	A055030	7f5a30f9	The stated power-sum quotient is integral exactly when n is 1 or prime.	It is conjectured that (Sum(m^(n-1),m=1..n-1)+1)/n is an integer iff n is 1 or a prime.
high	A057655	63f5a56a	A057655(n)-Pi*n = O(n^(1/4+epsilon)) for every epsilon>0.	It is conjectured that a(n) - Pi*n = O(n^(1/4 + epsilon)) for all epsilon > 0.
high	A059850	11d91167	Pi^e is transcendental.	Pi^e is conjectured to be transcendental.
high	A060843	bca836a5	The five-state Busy Beaver value recorded by A060843 is 47176870.	It is conjectured that a(5) = 47176870 (Conjecture 10 of the Scott Aaronson link "The busy beaver frontier"). - _Jianing Song_, Feb 21 2024
high	A060941	5e0c93e0	A broad family of diagonal coefficients of powers of the Duchon-number generating function is conjectured to obey p^(3*k) supercongruences.	More generally, let r  be an integer and s a positive integer and define a sequence u(n) by u(n) = [x^(s*n)] A(x)^(r*n). Then we conjecture that the supercongruences u(n*p^k) == u(n*p^(k-1)) (mod p^(3*k)) hold for all primes p >= 7 and positive integers n and k.
high	A061232	548c7629	For n>2, the counts of primes in consecutive factorial intervals have ratio between n+1/2 and n+2/3.	I conjecture that for n>2 we have n + 1/2 <= a(n)/a(n-1) <= n + 2/3.
high	A062964	e52e9aaa	The hexadecimal digits of Pi after the first equal floor(16*frac(x(n))) for the stated rational recurrence x(n).	Bailey and Crandall conjecture that the terms of this sequence, apart from the first, are given by the formula floor(16*(x(n) - floor(x(n)))), where x(n) is determined by the recurrence equation x(n) = 16*x(n-1) + (120*n^2 - 89*n + 16)/(512*n^4 - 1024*n^3 + 712*n^2 - 206*n + 21) with the initial condition x(0) = 0 (see A374334).
high	A064237	99fd7628	The sequence A007540 is infinite.	That sequence is conjectured to be infinite.
high	A076336	3fa117c9	The Sierpinski-number set S1 equals the dual set S2 of odd n for which 2^k+n is composite for every k.	S2: Odd numbers n such that 2^k + n is composite for all k (apparently it is conjectured that S1 and S2 are the same sequence)
high	A076336	be2b8136	78557 is the smallest Sierpiński number.	It is conjectured that 78557 is the smallest Sierpiński number. - _T. D. Noe_, Oct 31 2003
high	A076336	e41222f4	The listed provable Sierpiński numbers include every such number up to 3000000.	It is only a conjecture that this sequence is complete up to 3000000 - there may be missing terms.
high	A078611	d1081580	Every prime greater than 3 is the average of two distinct primes.	I conjecture that a(n) is defined for all n > 2. Equivalently, every prime > 3 is the average of two distinct primes.
high	A087788	bd89b34a	The counting function for Carmichael numbers with exactly three prime factors is asymptotic to c x^(1/3)/(log x)^3.	Granville & Pomerance conjecture that there are ~ c x^(1/3)/(log x)^3 terms of this sequence up to x.
high	A088568	371fb299	The limiting densities of 1 and 2 in the Kolakoski sequence both equal 1/2.	It is conjectured that the density of 1's and that of 2's in the Kolakoski sequence A000002 are equal to 1/2. The deficit of 2's in the Kolakoski sequence at rank n being defined as n/2 - number of 2's in the Kolakoski word of length n, a(n) is equal to twice the deficit of 2's (or twice the excess of 1's). Equivalently, the number of 2's up to rank n in the Kolakoski sequence is (n - a(n))/2. - _Jean-Christophe Hervé_, Oct 05 2014
high	A106564	31b518a7	Every even integer is a difference of two primes.	It is conjectured (see A020483) that every even number is a difference of primes, and this is known to be true for even numbers < 10^11.  If so,this sequence consists of the odd squares n such that n+2 is composite. - _Robert Israel_, Feb 28 2016
high	A112824	a40dd22c	Every even integer 2n is a sum of primes p+p' with p<=p'.	Consider the Goldbach conjecture that every even number 2n=p+p' with p<=p'.
high	A143824	a45705a7	The maximum size of a Sidon subset of {1,...,n} exceeds sqrt(n) by less than n^e asymptotically for every e>0.	It is conjectured by Erdos (for $500) that a(n) < n^(1/2) + o(n^e) for all e>0.
high	A143898	b61ae58f	A143898: This value of K is conjectured to be the least possible such that there is at least one prime in the range n^K to (n+1)^K for n > 0.	This value of K is conjectured to be the least possible such that there is at least one prime in the range n^K to (n+1)^K for n > 0.
high	A143935	a55b185b	A143935: This value of K is conjectured to be the least possible such that there is at least one prime in the range n^k and (n+1)^k for all n>0 and k>=K.	This value of K is conjectured to be the least possible such that there is at least one prime in the range n^k and (n+1)^k for all n>0 and k>=K.
high	A154404	3ad9e666	Every integer n at least 5 is representable as an odd prime plus a positive Fibonacci number plus a Catalan number.	Qing-Hu Hou (Nankai Univ.) and Jiang Zeng (Univ. of Lyon-I) conjectured on Jan 09 2009 that a(n)>0 for every n=5,6,....
high	A161942	89c1da9d	Every orbit under the A161942 function eventually reaches 1.	It is conjectured that iteration of this function will always reach 1. This implies the nonexistence of odd perfect numbers. This is equivalent to the same question for A000593, which can be expressed as the sum of the divisors of the odd part of n.
high	A191100	a462379c	For A+B=C, the stated radical-power ratio has a positive minimum for every exponent n>1, in the source's equivalent ABC formulation.	the unsolved ABC conjecture (i.e., Oesterle-Masser conjecture) is equivalent to the statement that [SQP(ABC)]^n/C has a minimum value if n>1
high	A205510	cd74f31e	A205510: As in Twin Primes Conjecture, we conjecture that there exist infinitely many Hamming's twin pairs.	As in Twin Primes Conjecture, we conjecture that there exist infinitely many Hamming's twin pairs.
high	A213891	6ca71d91	A213891: This sequence consists of prime numbers (conjecture). We conjecture that this sequence of prime numbers is analogous to A000057, in the sense that, instead of referring to the Fibonacci sequences it refers to the generalized Fibonacci sequences satisfying f(n)=2*f(n-1)+f(n-2). This would mean that a prime is in this sequence here if and only if it divides some term in each of the sequences satisfying f(n)=2*f(n-1)+f(n-2).	This sequence consists of prime numbers (conjecture). We conjecture that this sequence of prime numbers is analogous to A000057, in the sense that, instead of referring to the Fibonacci sequences it refers to the generalized Fibonacci sequences satisfying f(n)=2*f(n-1)+f(n-2). This would mean that a prime is in this sequence here if and only if it divides some term in each of the sequences satisfying f(n)=2*f(n-1)+f(n-2).
high	A213899	201bafa8	A213899: This would mean that a prime is in the sequence A213899 if and only if it divides some term in each of the sequences satisfying f(n) = 10*f(n-1) + f(n-2).	This would mean that a prime is in the sequence A213899 if and only if it divides some term in each of the sequences satisfying f(n) = 10*f(n-1) + f(n-2).
high	A221671	f583633d	A221671(n)=A193832(n) for every n other than 5.	I conjecture that this formula holds for all n != 5.
high	A229452	30c8a927	All coefficient sequences [x^(r*n)]A(x)^(s*n) in the stated family are conjectured to satisfy the displayed p^(3*k) supercongruences.	more generally, for r a positive integer and s an integer we conjecture that the sequence {b(r,s;n) : n >= 1} defined by b(r,s; n) = [x^(r*n)] A(x)^(s*n) satisfies the same supercongruences
high	A234285	6583dd93	For every odd integer s, infinitely many primes have the form 2^k-s.	I conjecture that: For each odd number s, there exists infinitely many primes p of the form 2^k - s.
high	A237284	396fe9c1	Every 2n with n greater than 2 has a prime decomposition p+q with pi(p) prime, with exactly the listed n having a unique ordered decomposition.	Conjecture: a(n) > 0 for all n > 2, and a(n) = 1 only for n = 3, 6, 13, 16, 19, 28, 34, 40, 61, 166, 278.
high	A242758	d2bc7776	For every n, max(A242719(n),A242720(n)) is at most prime(n)^4.	It is easy to prove that min(A242719(n), A242720(n)) >= prime(n)^2+1, while we conjecture that max(A242719(n), A242720(n)) <= prime(n)^4. Thus this conjecture implies there are infinitely many twin primes. - _Vladimir Shevelev_, Jun 01 2014
high	A246778	812f97de	The sequence of nth roots of the nth prime is strictly decreasing.	prime(n)^(1/n) is a strictly decreasing function of n
high	A256750	0c9de3ee	A256750: Under iterations of the arithmetic derivative, the orbit of some numbers ends in zero, and the orbit of all others (I conjecture) reaches a number of the form m*p^p with prime p, from where on it keeps this form and grows to infinity iff m>1, or remains at this fixed point if m=1.	Under iterations of the arithmetic derivative, the orbit of some numbers ends in zero, and the orbit of all others (I conjecture) reaches a number of the form m*p^p with prime p, from where on it keeps this form and grows to infinity iff m>1, or remains at this fixed point if m=1.
high	A271099	6b428265	A271099: Concerning part (iii) for k = 6, we conjecture that any natural number can be written as x(1)^6+x(2)^6+x(3)^6+x(4)^6+x(5)^6+3*x(6)^6+5*x(7)^6+6*x(8)^6+10*x(9)^6+18*x(10)^6+26*x(11)^6 with x(1),x(2),...,x(11) nonnegative integers.	Concerning part (iii) for k = 6, we conjecture that any natural number can be written as x(1)^6+x(2)^6+x(3)^6+x(4)^6+x(5)^6+3*x(6)^6+5*x(7)^6+6*x(8)^6+10*x(9)^6+18*x(10)^6+26*x(11)^6 with x(1),x(2),...,x(11) nonnegative integers.
high	A274122	a97802c7	Prime gaps 2 and 4 each occur infinitely often.	each occur infinitely often
high	A305313	0d34da0e	Each Markoff number occurs as the largest entry of a unique ordered Markoff triple.	Smallest member m_1(n) of the ordered Markoff triple MT(n) with largest member m(n) = A002559(n), n >= 1. These triples are conjectured to be unique.
high	A333592	8ad4bf3b	A333592 is conjectured to satisfy the central-binomial-style supercongruences a(n*p^k) == a(n*p^(k-1)) modulo p^(3*k).	We conjecture that the present sequence also satisfies these congruences.
high	A376458	7fec71d8	A376458: We conjecture that the present sequence satisfies same supercongruences and in addition satisfies the stronger congruences a(p) == a(1) (mod p^5) for all primes p >= 7 (checked up to p = 199) and a(p^r) == a(p^(r-1)) (mod p^(3*r+3)) for all primes p >= 5 and integers r >= 2.	We conjecture that the present sequence satisfies same supercongruences and in addition satisfies the stronger congruences a(p) == a(1) (mod p^5) for all primes p >= 7 (checked up to p = 199) and a(p^r) == a(p^(r-1)) (mod p^(3*r+3)) for all primes p >= 5 and integers r >= 2.
low	A002966	9eed9eaf	The second row of the Egyptian-fraction table T in A002966 is A003167.	the 2nd row is A003167.
low	A004737	3402de4b	The Chebyshev-spectrum matrices E_N and M_N have the stated integrality, symmetry, and sparse-entry pattern.	Let U_1(t)=1, U_2(t)=2*t, and U_r(t)=2*t*U_(r-1)(t)-U(r-2)(t), r>2, be Chebyshev polynomials of the second kind. For q>1 an integer, let N=2*q and x_k=cos((2*k-1)*Pi/N), and define the ordered column vectors V_k=[U_k(x_1), U_k(x_2), ..., U_k(x_q)]^T, k=1,...,q, where A^T denotes the transpose of matrix A. Let E_N=[V_1, V_2, ..., V_q] be the q X q matrix formed from the ordered components of the V_k. E_N contains the joint spectra of the Danzer basis (see [Jeffery]) associated with N. Let M_N=(1/q)*[E_N]^T*E_N. For the trivial case q=1, let M_2=[1]. CONJECTURE: E_N and M_N are always integral and symmetric, with M_N having diagonal entries {1,2,...} beginning at entries 1,j (j odd) in the first row and i,1 (i odd) in the first column and with zeros elsewhere.
low	A007063	c1c03acb	Exactly six of the eight coded expulsion-array diagonal sequences are permutations of the positive integers.	It is conjectured that six of the eight diagonal sequences are permutations of the positive integers.
low	A011257	a0868f0d	Every k for which the geometric mean of phi(k) and sigma(k) is integral has even sigma(k).	It is conjectured that sigma(k) for these numbers is never odd.
low	A023365	17f9ccd9	A023365(n+1) is the reduced denominator of b(n) under b(n)=b(n-1)*(3/2-b(n-1)^2), b(0)=1/2.	a(n+1) is conjectured to be the reduced denominator of b(n) = b(n-1)*(3/2 - b(n-1)^2); b(0) = 1/2.
low	A027870	bed29149	For every fixed x, only finitely many powers of 2 have exactly x zero digits.	I conjecture that any value x = 0, 1, 2, ... occurs only a finite number of times N(x) = 36, 41, 31, 34, 25, 32, 37, 23, 43, 47, 33, ... in this sequence, for the last time at well defined indices i(x) = 86, 229, 231, 359, 283, 357, 475, 476, 649, 733, 648, ...
low	A030469	83e2ce42	There are infinitely many primes formed by concatenating three consecutive primes.	It is conjectured that sequence is infinite. - from Eva-Maria Zschorn (e-m.zschorn(AT)zaschendorf.km3.de), Nov 09 2009
low	A035485	951f312f	Every integer eventually appears on top of the deck in the A035485 process.	It is conjectured that eventually every number appears on top of the deck.
low	A036229	3fa594b2	For every digit length there is a prime containing only the digits 1 and 2.	It is conjectured that such a prime always exists.
low	A037055	354a859d	A037055(n) equals A084673(n) for every n>1.	For n > 1, A037055 is conjectured to be identical to A084673.
low	A037059	19d8ab58	When the usual 1-or-2 digit replacement pattern fails, the smallest prime with n threes has the stated 4,5,7,8 replacement form, apart from a(1).	We conjecture that in the few other cases (e.g., for n = 12, 119, ...) the statement holds with some digit 3 replaced by a digit among {4, 5, 7, 8}, except for the special case a(1) = 3.
low	A037061	ceadc8fa	The least prime containing exactly n digits 4 always has the stated near-repdigit form.	We conjecture that for all n >= 0, a(n) equals [10^(n+1)/9]*40 + b with 1 <= b <= 9 and one of the (first) digits 4 replaced by a 0, 1, 2 or 3.
low	A037063	6942605c	For n>1 the least prime with exactly n digit 5s has the stated one-digit-replacement form.	We conjecture that for all n > 1, a(n) equals [10^(n+1)/9]*50 + b with 1 <= b <= 9 and one of the (first) digits 5 replaced by a 0, 1, 2, 3 or 4.
low	A037065	f6c3d664	The least prime containing exactly n digits 6 always has the stated near-repdigit form.	We conjecture that for all n >= 0, a(n) equals [10^(n+1)/9]*60 + b with 1 <= b <= 9 and one of the (first) digits 6 replaced by a digit among {0, 1, 2, 3, 4, 5}.
low	A037069	c1c87ec6	The least prime containing exactly n digits 8 always has the stated near-repdigit form.	We conjecture that for all n >= 0, a(n) equals [10^(n+1)/9]*80 + b with 1 <= b <= 9 and one of the (first) digits 8 replaced by a digit among {0, ..., 7}.
low	A039986	1b23d6d6	Exactly 19 terms of A039986 are conjectured to use four distinct digits, and none use five or more.	I conjecture that there are no more than these 6 + 9 + 3 + 1 = 19 terms (2861, 4027, 4801, 5209, 5623, 5849, 24889, 26561, 40609, 40883, 66541, 66853, 85087, 85843, 86441, 288689, 442469, 558541, 55555429) with 4, and none with 5 or more distinct digits.
low	A052362	e76390fb	All sufficiently late record indices contain a smaller term as suffix and, later, an earlier term as prefix.	I conjecture that from 103 on all d-digit terms have a smaller (most often but not always (d-1)-digit) term as suffix, and from 173 on they also have an earlier term as prefix.
low	A054531	4b971e6d	The flattened A054531 triangle gives the shortest pebble-move cycle lengths among partitions of n.	Read as a linear sequence, this is conjectured to be the length of the shortest cycle of pebble-moves among the partitions of n (cf. A201144). - _Andrew V. Sutherland_, Nov 27 2011
low	A055469	32da303e	There are infinitely many primes that are one more than a triangular number.	It is conjectured that this sequence is infinite. - _Daniel Forgues_, Apr 21 2015
low	A059100	aead3212	The largest continued-fraction coefficient of Sum_{k>=1} 1/n^(2^k) equals n^2+2.	Let s(n) = Sum_{k>=1} 1/n^(2^k). Then I conjecture that the maximum element in the continued fraction for s(n) is n^2 + 2. - _Benoit Cloitre_, Aug 15 2002
low	A060096	94c9e67e	The m=0 Euler-polynomial coefficient column equals (-1)^n A198631(n)/A006519(n+1).	The first (m=0) column of the rational triangle is conjectured to be E(n,0) = ((-1)^n)*A198631(n) / A006519(n+1).
low	A062894	e762fab1	Every term of A067836 is prime.	The prime indices of sequence A067836 (that sequence is conjectured to contain only primes).
low	A064929	5271f7c3	A034175 is a permutation of the nonnegative integers.	Square of A034175 considered as a permutation of the nonnegative integers (which it is conjectured to be).
low	A065712	540c6c03	For every fixed x, only finitely many powers of 2 have exactly x decimal digits equal to 1.	I conjecture that any value x = 0, 1, 2, ... occurs only a finite number of times N(x) = 26, 34, 30, 40, 26, 33, 39, 30, 30, 30, 38, ... in this sequence, for the last time at well defined indices i(x) = 91, 152, 185, 412, 245, 505, 346, 422, 499, 565, 529, 575, ...
low	A065714	87f8346c	For every fixed x, only finitely many powers of 2 have exactly x decimal digits equal to 3.	I conjecture that any value x = 0, 1, 2, ... occurs only a finite number of times N(x) = 34, 34, 24, 34, 39, 34, 35, 34, 35, 32, 33, 31, ... in this sequence, for the last time at well defined indices i(x) = 153, 139, 226, 237, 308, 386, 413, 506, 461, 578, 644, 732, 857, 657, 743, 768, 784, 848, 906, ...
low	A066722	1e6d2b6b	A066722 has no terms beyond those currently listed.	I conjecture there are no further terms in this sequence
low	A068193	53d1cf72	Every term of A068192 is prime.	The prime indices of sequence A068192. (That sequence is conjectured to contain only primes.).
low	A071089	02982f44	Each fixed nonnegative value is expected to occur infinitely often in A071089, with about log log x occurrences below x.	I conjecture the opposite. Heuristically a given number should appear log log x times below x.
low	A072141	7aff807e	At least one period length k never occurs for the reverse-and-subtract map.	I conjecture that for some k there are no solutions
low	A073846	785d1e71	Each of the nine specified R# trajectories has no period and hence is infinite.	   * R#(34) (A261314) has been checked up to f(34,86) = 1091595086717, R#(42) up to f(42,108) = 106838266736, R#(50) up to f(50,98) = 1078406742163, R#(60) up to f(60,80) = 765456394363, R#(74) up to f(74,78) = 687059343029, R#(82) up to f(82,75) = 682580868743  R#(86) up to f(86,74) = 182831963148, R#(88) up to f(88,66) = 719074799059, and R#(98) up to f(98,88) = 641383978721 without repeated values. Hence, their periods are either extremely large or nonexistent (infinite). I conjecture that the latter is the case. Note that these sequences are not necessarily all distinct as any two may simply be the same sequence with a large offset.
low	A076099	667a335f	The final element in each row of A076099 is obtained by lowering every prime exponent in the product of the earlier row elements by n.	I conjecture that u_n = product(i=1 to r) p_i^(ei - n).
low	A083480	27fe9805	The row lengths of the compressed Gaussian-polynomial array A083480 follow the displayed stuttering pattern indexed by A002620.	Row sums => A000041. Diagonals are sums of Gaussian polynomials (which then sum to powers of two). The number of entries on each row is conjectured to conform to: 0 1 1 1 2 2 3 3 4 5 5 6 7 7 8 9 10 10 11 12 13 13 14 15 16 17 17 ... a sequence which stutters after values 0,1,2,4,6,9,12,16,...A002620.
low	A084923	fe063de2	The iteration taking the greatest prime factor of 3b+2 eventually enters a cycle for every starting n.	It is conjectured that this always becomes cyclic
low	A087092	7f527b03	Every square size not listed in A087092 admits the specified descending-square packing.	It is conjectured that the answer is all except those in this sequence.
low	A087711	5d82324f	For every positive n, the prime-gap sequence A087711 equals three minima defined using phi and sigma (equivalently, satisfies the stated three comparison inequalities).	Let b(n), c(n) and d(n) be respectively, smallest number m such that phi(m-n) + sigma(m+n) = 2n, smallest number m such that phi(m+n) + sigma(m-n) = 2n and smallest number m such that phi(m-n) + sigma(m+n) = phi(m+n) + sigma(m-n), we conjecture that for each positive integer n, a(n)=b(n)=c(n)=d(n). Namely we conjecture that for each positive integer n, a(n) < A244446(n), a(n) < A244447(n) and a(n) < A244448(n). - _Jahangeer Kholdi_ and _Farideh Firoozbakht_, Sep 05 2014
low	A088201	d729bb22	Every A088201 value is conjectured to be an odd prime greater than 3, with primality itself noted as provable.	The terms are conjectured to be odd primes > 3 (the primality is provable).
low	A088643	24717435	Apart from a negligible exceptional set, each row ends with exactly the first seven, but not eight, terms of A055265 in reverse-row alignment.	I conjecture that almost all rows have exactly 7 (but not more) trailing terms in common with the initial terms of A055265 = (1, 2, 3, 4, 7, 6, 5, 8, ...)
low	A091366	77a25c7a	Terms of A091366 whose decimal digit sum is prime have relative density zero in the sequence.	I conjecture the contrary: the relative density of numbers in this sequence with prime digit sum is 0.
low	A091508	81746e66	For every starting n, the recurrence b(k) eventually reaches 1.	I conjecture a(n) always exists.
low	A092356	4f22b60f	Every integer at least 2 occurs as the multiplier k represented by A092356.	I conjecture that every positive integer >= 2 must appear.
low	A092517	c649b541	The number of bases b allowing the stated (n+1)-term power representation of (n+1)^2 equals tau(n)*tau(n+1).	It is conjectured that for all n the number of possible b reaches a(n).
low	A093492	779cddd5	The divisor-symmetry values in A093492 are unbounded.	I conjecture that the sequence is unbounded.
low	A094776	4d128828	The stated values are conjectured extensions of the largest exponents whose powers of two omit each multi-digit string n.	I conjecture that for n = 10, 11, 12, ... it continues (2000, 3020, 1942, 1465, 1859, 2507, 1950, 1849, 1850, ...).
low	A098860	5bea308b	Each prime listed by A098860 makes the stated generalized Collatz map converge to one cycle from every natural-number starting value.	Primes that are conjectured to lead to a one-cycle for every natural number x in the following (nontrivial) generalization of the (3x+1) problem.
low	A099309	1bb69d96	Every A099309 arithmetic-derivative orbit eventually reaches a number of the form m p^p.	Numbers of the form n = m*p^p (where p is prime), i.e., multiples of some term in A051674, have n' = (m + m')*p^p, which is again of the same form, but strictly larger iff m > 1. Therefore successive derivatives grow to infinity in this case, and they are constant when m = 1. There are other terms in this sequence, but I conjecture that they all eventually lead to a term of this form, e.g., 26 -> 15 -> 8 etc. - _M. F. Hasler_, Apr 09 2015
low	A102730	5e823442	A102730 is unbounded.	I conjecture the contrary: for every k, there exists n with a(n) > k.
low	A104638	81743608	The prime sequence A159352 is infinite.	On the other hand, a(n) = 2 if prime(n) is in A159352, which is conjectured to be infinite.
low	A110566	d57bf9d6	Every odd integer occurs in A110566.	It is conjectured that every odd number occurs in this sequence (see A112822 for the first occurrence of each of them). - _Jianing Song_, Nov 28 2022
low	A116863	27356b99	Row n of the quadratic-Casimir coefficient array sums to 3*A002415(n+1).	The row sums are conjectured to be 3*A002415(n+1)= [3, 18, 60, 150, 315, 588, 1008, 1620, 2475, 3630,...]
low	A117831	dac2975f	For every starting n, the sequence S_n eventually reaches a cycle.	It is conjectured that S_n always reaches a cycle.
low	A118510	1727d66b	Every reverse-digits-and-add-1 trajectory reaches a 9-cycle.	It is conjectured that S_m always reaches a cycle of length 9, as in A117230.
low	A118514	f58f6c5d	Every reverse-digits-and-add-2 trajectory eventually reaches a cycle.	It is conjectured that S_n always reaches a cycle.
low	A118522	191514e2	Every reverse-digits-and-add-3 trajectory eventually reaches a cycle.	It is conjectured that S_n always reaches a cycle.
low	A118767	e8808d2c	A118767 has additional fixed points beyond 10^8.	I conjecture that there will be more terms past 10^8.
low	A120160	1827820b	From a(11) onward, A120160 is exactly the set of circle sizes whose every-fifth-person Josephus survivor is 1, 2, 3, or 4.	Starting at a(11) = 5, we conjecture that this sequence gives all those numbers m for which when we place m persons on a circle, label them 1 through m, start counting at person number 1, and remove every 5th person, the last survivors have numbers in {1, 2, 3, 4}.
low	A131613	a21d339e	For every k>56, the decimal expansion of 3^k contains a digit 9.	I conjecture that 56 is the last term.
low	A131629	11c3a777	For every k>84, the decimal expansion of 3^k contains a digit 3.	I conjecture that 84 is the last term.
low	A131937	0f767c9c	The alternating complement-partial-sum iteration has universal stable limits A131938 and A131937, independent of the starting sequence.	Conjecture: Starting with any infinite positive integer sequence A1(n) whose complement is also infinite, let B1(n) be the sequence of partial sums of the complement of sequence A1. Let A2(n) be the sequence of partial sums of the complement of sequence B1. Iteratively let B[k](n) be the sequence of partial sums of the complement of sequence A[k], and let A[k+1](n) be the sequence of partial sums of the complement of sequence B[k]. Call the stable iterative limit sequences A(n) and B(n), which are universal and do not depend upon the initial sequence A1(n). These two limiting sequences are conjectured to be A131938 and this A131937.
low	A133058	050f7261	The recurrence is quasi-periodic exactly for R in {0,1,2,3}, with the stated loop behavior, and not for R>=4.	It is conjectured that quasi-periodic sequences exist only for R = 0, 1, 2 or 3 in a(n) = a(n-1) + n + R and that for R >= 4 the recurrence is not quasi-periodic. For R = 0, 1, 2 all starting values give a quasi-periodic sequence. The respective loop is (1, x) for R = 0, (1, x, 2x, 2) for R = 1 (this sequence), (1, x, 2x, x) or (2x, x) for R = 2. For R = 3 only some starting values converge to a 6-loop (4x+2, 2x+1, 3x+6, x+2, 2x+9, 3x+17). - _Ctibor O. Zizka_, Oct 27 2015
low	A133501	a2690485	Every integer converges to a fixed point under the map underlying A133501.	It is conjectured that every number converges to a fixed-point.
low	A137876	e64f4eef	Every nonnegative integer other than 2 occurs as a value of A137876.	I conjecture that all other values are possible
low	A145110	3fd34d30	A145110(11..30) equals (11,23,13,18,19,25,17,29,19,30,26,26,23,45,27,30,32,39,29,48).	a(11) to a(30) are conjectured to be 11, 23, 13, 18, 19, 25, 17, 29, 19, 30, 26, 26, 23, 45, 27, 30, 32, 39, 29, 48.
low	A160766	0d818c49	The next three indices where A094004 jumps by more than one are 68, 76, and 77.	The next three terms are conjectured to be 68, 76 and 77.
low	A171154	1f155a6a	The suffix R(n) in the A171154 construction equals 1 for infinitely many n.	It is conjectured that R(n)=1 for infinite many n.
low	A171154	75d93907	For every n, there exists a prime beginning with the concatenation of the first n primes in descending order.	Sequence is conjectured to be infinite.
low	A172470	41130be6	Every term of A172470 belongs to {9, 52, 61}.	The numbers in the sequence are conjectured to be restricted to 9,52, or 61.
low	A174349	4eb1b3e0	Every positive integer other than 1 occurs in the A174349 array.	It is conjectured that every positive integer except 1 occurs in the array.
low	A182205	c4e8637c	The A006368 trajectory starting at 40 never repeats.	Like for iterations with starting points 8 or 14, it is conjectured that also this trajectory never repeats.
low	A183240	262cb599	Every term of A183241 is an integer.	A183241 is conjectured to consist entirely of integers.
low	A186263	105c18e1	A186263: We conjecture that a(n) is asymptotic to c*11^n with c>0.	We conjecture that a(n) is asymptotic to c*11^n with c>0.
low	A196697,A196698	3045c128	Each of A196697 and A196698 has infinitely many zero terms.	I conjecture the contrary: infinitely many elements of this sequence are equal to 0.
low	A211417	e1754b68	For each r, one constant D(r) clears the indicated factors 30n-i from all A211417(n).	More generally, for r >= 1, we conjecture that there exists a constant D(r) such that D(r)*a(n)/Product_{i = 1..r, i coprime to 30} (30*n - i) is integral for all n.
low	A211419	7c8982e5	For every r, constants C(r) and D(r) make the two stated normalized A211419 expressions integral for all n.	More generally, we conjecture that there are constants C(r) and D(r), r >= 1, such that a(n) * C(r)/((n + 1)*(n + 2)*...*(n + r)) and a(n) * D(r)/((4*n + 1)*(4*n + 3)*...*(4*n + 2*r - 1)) are integers for all n.
low	A211420	3bf9a439	For every r, one constant K(r) clears the indicated descending odd linear factors from all A211420(n).	More generally, we conjecture that there are constants K(r), r >= 0,  such that a(n) * K(r)/((8*n - 1)*(8*n - 3)*...*(8*n - (2*r+1))) is an integer for all n.
low	A211420	db703dae	For k in {1,2,3} and every r, a constant C(k,r) clears the indicated rising factors from all A211420(n).	More generally, we conjecture that there are constants C(k, r), k = 1, 2 or 3, r >= 1,  such that a(n) * C(k, r)/((k*n + 1)*(k*n + 2)*...*(k*n + r)) is an integer for all n.
low	A213900	86018939	The fixed points of A213900 are exactly the terms of A000057.	If we consider the fixed points such that a(n)=n, we conjecture to obtain the sequence A000057.
low	A220365	26672a42	A220365(n) is the maximum k such that k divides the digit sum of n^k.	a(n) is conjectured to be the largest power k for which k divides the sum of digits of n^k.
low	A228552	d61e34d1	A228552(n)>0 for every n>15.	We conjecture that a(n) > 0 for all n > 15.
low	A231725	88d8ac51	A231725 equals zero for infinitely many n.	I conjecture the opposite. In particular I expect that a(n) = 0 for infinitely many values of n.
low	A236243	138b145d	A236243 is conjectured to contain each natural number exactly once.	The terms of this sequence are conjectured to be a permutation of the natural numbers.
low	A242514	dc99b59d	For n>5, A242514(n) equals A242512 at ceiling(2(n+1)/3), so their distinct terms coincide.	For n > 5 the distinct terms of this sequence are conjectured to be identical to A242512: precisely, A242514(n) = A242512(ceiling(2*(n+1)/3)).
low	A243977	ec69be25	A243977(53), A243977(71), and A243977(77) have no finite bound.	a(53), a(71) and a(77) are conjectured to be infinite.
low	A247047	83733db1	Only 6, 8, and 15 have respectively 2, 3, and 4 distinct digits in their square, cube, and fourth power.	The numbers k such that k^2 contains 2 distinct digits, k^3 contains 3 distinct digits, and k^4 contains 4 distinct digits are conjectured to only be 6, 8, and 15.
low	A247225	a3c42efe	For all n, a(3n-1) is even while a(3n) and a(3n-2) are odd.	I conjecture that this is true for all positive integers n.
low	A248007	117732a7	Only finitely many n satisfy A248007(n)>n.	Numbers n for which a(n) > n: 10, 12, 22, 26, 42, 78, 166, 266, 290. The next term in this mini-sequence, if it exists, is greater than 3*10^4. I conjecture this list is finite. - _Derek Orr_, Sep 29 2014
low	A249129	8dabf6a2	The sequence A249129 is asymptotic to the identity function.	I conjecture that a(n) ~ n.
low	A251964	f73043b6	The least exponent k_1(p) at which the odd part of the digit sum of p^k is divisible by 5 exists for every prime p.	Let p be a prime other than 3. If p is not in the sequence, then either s(p,k_1) >= 25 or k_1 does not exist. We conjecture that k_1=k_1(p) exists for every prime p.
low	A252486	d61ae69c	Every term of A252486 is at most its initial value, 64.	I conjecture that the sequence is bounded by the initial term.
low	A253646	38e781a3	Both A253646 and A253647 contain only finitely many primes.	Primes in A253647; both sequences are conjectured to be finite.
low	A253897	33eb09be	For each listed starting value n, the seeded A127644 iteration is a permutation of the natural numbers.	Numbers n such that the sequence A127644 with a(1) = n is conjectured to give a permutation of the natural numbers.
low	A254077	438614f9	For every n>4, the least positive integer absent from A254077(1..n) is prime.	Conjecture. For any n > 4, the lowest value x missing from a(1) thru a(n) is prime.
low	A254337	8524efc4	A254337 contains every even integer greater than 2 and contains no odd integer other than 1.	I conjecture that the sequence contains all even numbers > 2 and no odd number beyond 1.
low	A257340	6d5200a2	Every positive integer appears in A257340.	It is conjectured that every number appears.
low	A258105	7db07084	The sequence b with b(1)=1 and b(n)=A257906(n) for n>1 is a permutation of the natural numbers.	Inverse to sequence defined as {b(1) = 1, and for n>1: b(n) = A257906(n)}, which is conjectured to be a permutation of natural numbers.
low	A258333	cac22741	As k grows, the number of primitive weird numbers 2^k p q with p the next prime after 2^(k+1) increases.	I conjecture that there is an increasing number of pwn with, e.g., p=nextprime(2^(k+1)).
low	A261301	a6ff53e9	Whenever A261301(n) is zero, n is prime.	It is conjectured that a(n) = 0 implies that n is prime, see A186253. (This is the sequence {u(n)} mentioned there.)
low	A261310	5c79ae4c	For every n, A261310(n)=0 implies that A261310(n+1)=10n+9 is prime.	It is conjectured that for all n, a(n) = 0 implies that a(n+1) = 10n+9 is prime, cf. A186263.
low	A261314	0f0357c3	The A073846 orbit R#(34) is nonperiodic and contains infinitely many distinct values.	Hence, its period is either extremely large or nonexistent (infinite). I conjecture that the latter is the case.
low	A262332	c4d58955	In the stated asymptotic for T(m,k), the bulk and boundary growth constants are exactly 2 and 1/3.	We conjecture that c1 = 2, c2 = 1/3; In other words, for sufficiently large m, k, the effect of restrictions on T(m,k) is almost "independent" of each other in the horizontal and vertical directions.
low	A263267	cb9b4260	The terms of A259934 form the unique infinite path in the A263267 tree.	It is conjectured that the terms of A259934 trace the only infinite path in this tree.
low	A268317	69a3f429	The row-sum sequence of each of A268317 and A268318 is A000071.	(iii) The row sum of each of these irregular triangles is conjectured to be A000071.
low	A268317,A268318	8a96360d	The first differences of the half-void counts for A268317 and A268318 equal A191797.	(iv) The first differences of the sequence of half of the voids (0's) are conjectured to give A191797.
low	A269230	c11ff1a2	For every relevant n in A269230, the middle nonzero digit position k is strictly less than n+1.	I conjecture that k < n+1 for all n (where k is function of n, of course).
low	A269230	d0590ae9	Apart from its initial value 2, every term of A037053 has exactly three nonzero decimal digits in the stated positions.	It is conjectured that, apart from A037053(0) = 2, all other terms have three nonzero digits and are therefore of the form A037053(n) = a*10^(n+2) + b*10^k + c, where 1 <= a,b,c <= 9 and 1 <= k <= n+1.
low	A269361	4521e355	The injective greedy sequence A269361 is conjectured to enumerate exactly the values of A091072.	The sequence is conjectured to be a permutation of A091072.
low	A269363	54f8d748	The injective greedy sequence A269363 is conjectured to enumerate exactly the values of A091067.	The sequence is conjectured to be a permutation of A091067.
low	A269526	27a698d3	Every column of the array is conjectured to have an eventual cyclic difference pattern analogous to the first columns.	I conjecture that other similar cyclical difference patterns should hold for any column k (i.e., terms a((j^2+j+2*k)/2), j>=k-1), so that each column is a permutation.
low	A278743	177844f8	For each base n>1, the carry-free sequence c_n is eventually self-similar with shift a(n) and multiplier n^b.	More precisely, we conjecture that, for any n>1, there are two constants k0 and b such that c_n(k + a(n)) = c_n(k)*n^b for any k>k0. [Corrected by _Rémy Sigrist_, Dec 24 2016]
low	A278832	7642c9c9	Except at plies where every maximizing black position forces a capture, each even-indexed maximum equals the preceding odd-indexed maximum.	I conjecture that, unless Black is forced to capture a white piece in all of the maximizing positions, every other term will be equal to the preceding one, a(2n) = a(2n-1).
low	A280745	116bcbe7	Whenever a naked prime ends a block in A280864, the preceding term is twice that prime.	It is not difficult to show (see A280864) that when a prime appears "naked" in A280864, it either begins a block, in which case the next term is 2*p, or it ends a block. In the latter case we conjecture that the previous term in A280864 is 2*p. This is true for the first 10^7 terms of A280864.
low	A289329	207d9954	Every coefficient of every polynomial p_n(x) defining A289329 is a positive integer.	The coefficients are conjectured to be positive integers.
low	A292114	e19e1f49	The proportion of even terms among A292114 tends to one.	I conjecture that almost all terms are even.
low	A293142	244e5be1	The listed A293142 values are the largest nonrepunit circular primes in bases 3, 4, 5, and 6.	Since this is much shorter than 12 digits, it is conjectured that the terms are the maximal circular primes for those bases.
low	A295431	6c25557d	For each r, one constant D(r) clears the indicated factors 12n-i from all A295431(n).	More generally, for r >= 1, we conjecture that there exists a constant D(r) such that D(r)*a(n)/Product_{i = 1..r, i coprime to 12} (12*n - i) is integral for all n.
low	A305931	1d189402	Exactly 23 powers of 3 contain no decimal zero, and the largest is 3^68.	The complement A238939 is conjectured to have only 23 elements, the largest being 3^68.
low	A306559	71b58b16	In A306559, 1 has limiting frequency 2/3 and 0 has limiting frequency 1/3.	The proportions of ONEs and ZEROs are conjectured to be 2/3 and 1/3.
low	A306559	ffa5c6fe	A306559 grows indefinitely and never enters a loop.	Jean-Marc Falcoz has computed 100000 terms and found no place where the sequence enters into a loop. It is conjectured that the sequence will grow infinitely without ever entering into such a loop.
low	A322049	fd2a4ad2	The ratio A322049(n)/n is unbounded.	We conjecture that this ratio is unbounded.
low	A327969	ce7b2667	Some natural numbers cannot reach zero under any sequence of the two allowed transitions.	For all of the above reasons, I now conjecture that there are natural numbers from which it is not possible to reach zero with any combination of steps.
low	A329126	37679b11	The smallest trans-basic multiple of n contains exactly n digits equal to 1.	The number of 1's in a(n) is conjectured to be n.
low	A329126	a584ff86	For every prime n, A329126(n) has exactly 2+(n-1)^2 binary digits when counted as zeros and ones.	in general for every prime n the corresponding a(n) is conjectured to contain 2+(n-1)^2 0's and 1's.
low	A331921,A364917	0ec23356	The two displayed iterated-automorphism chains starting from C_344/C_392/C_516/C_588 and C_1033/C_2066 are correct and stabilize at their displayed terminal groups.	The following two sequences are conjectured to be correct and to stabilize at the last term:
low	A332215	aa95567a	The map's only fixed points are the already identified powers of two times Mersenne primes.	Furthermore, I conjecture that there are no other fixed points.
low	A332989	404737f8	There are numbers representable in arbitrarily many distinct ways as sums of two distinct nonzero pentagonal numbers.	I conjecture this sequence is infinite.
low	A334168	b61a7cc7	The final nonzero digits of A334168 form A059545.	The last nonzero digits of the terms are conjectured to be the Beatty sequence for log(10), A059545.
low	A336957	3d2f386d	From index 755 onward in A336957, every new prime p is introduced by 2*p and the terms 2*p occur in prime order.	Combining the above observations, we conjecture that for n >= 755 (at which point we have seen all the primes <= 367), every prime p is introduced by 2*p, and the terms 2*p appear in their natural order.
low	A336957	8361a3c2	The listed inversions (7,5), (31,29), and (109,113,107) are the only departures from increasing order among the terms 2p in A336957.	We conjecture that these are the only exceptions.
low	A351413	018a1a35	The maximum number of stable matchings in a Latin instance of order 8 is 268.	The next term, a(8), is conjectured to be 268, consistent with A005154.
low	A351495	15cb25bb	Every positive integer is conjectured to appear exactly once in A351495.	The sequence is conjectured to be a permutation of the positive integers.
low	A352763	f92aac1f	A352763 contains every positive integer exactly once.	the sequence is conjectured to be a permutation of the positive integers.
low	A353989	ceb4482f	A353989 contains every positive integer exactly once.	the sequence is conjectured to be a permutation of the positive integers.
low	A354087	ae6bcab2	A354087 contains every positive integer exactly once.	the sequence is conjectured to be a permutation of the positive integers.
low	A354434	8f963a85	Every positive integer is conjectured eventually to occur in A354434.	The sequence is conjectured to be a permutation of the positive integers, although it takes many terms for most primes to appear, e.g. a(1807) = 13, a(35156) = 179.
low	A354687	c8901a87	A354687 contains every positive integer exactly once.	The sequence is conjectured to be a permutation of the positive integers.
low	A354688	eb136333	A354688 is a permutation of the positive integers.	The sequence is conjectured to be a permutation of the positive integers.
low	A354727	3718b295	A354727 contains every positive integer exactly once.	The sequence is conjectured to be a permutation of the positive integers.
low	A354960	deb5c5c2	Every positive integer is conjectured eventually to occur in A354960, despite very delayed primes.	The sequence is conjectured to be a permutation of the positive integers although it may take an extremely large number of terms for the primes to appear; e.g., 263 has not occurred after 500000 terms.
low	A356430	70e6ff22	A356430 is conjectured to permute the positive integers and likely has only the fixed points 1, 2, and 9.	The sequence is conjectured to be a permutation of the positive integers although it may take a large number of terms for the primes to appear, e.g., 19 has not occurred after 100000 terms. In the same range the only fixed points are 1, 2, and 9, and it is likely no more exist.
low	A356851	73add4b5	A356851 contains every positive integer exactly once.	The sequence is conjectured to be a permutation of the positive integers.
low	A357082	f0fe37ab	A357082 contains every positive integer exactly once.	The sequence is conjectured to be a permutation of the positive integers.
low	A358048	3ff10227	Every nonnegative integer is conjectured to occur exactly once in A358048.	The sequence is conjectured to be a permutation of the nonnegative integers.
low	A361087	8e0c9fe2	The next two unknown A361087 values are 59 and 203.	The next two terms are conjectured to be 59 and 203 (distinct from sequences already in the OEIS).
low	A363409	64a7e897	A363409: We conjecture that the set of type 3 primes begins {7, 37, 79, 103, ...}.	We conjecture that the set of type 3 primes begins {7, 37, 79, 103, ...}.
low	A363409	ecbdc118	A363409: We conjecture that the set of type 1 primes begins {2, 5, 13, 23, 29, 31, 47, 53, 61, 71, 101, ...}.	We conjecture that the set of type 1 primes begins {2, 5, 13, 23, 29, 31, 47, 53, 61, 71, 101, ...}.
low	A372060	d886aa18	A252867 and A372060 are inverse permutations of the nonnegative integers.	Both A252867 and this sequence are conjectured to be permutations of the nonnegative integers, in which case they are inverses of each other.
low	A372078	230d4209	For every prime p from the 38th onward, A373390 contains consecutive terms 2*p, x, p.	The conjecture is that for the 38th and all later primes p, in A373390 there are three successive terms 2*p, x, p.
low	A375563	15a2c0c6	Every positive integer is conjectured to occur exactly once in A375563.	The sequence is conjectured to be a permutation of the positive integers.
low	A377092	9d914221	Every integer appears in the Fibonacci-difference greedy sequence A377092.	I conjecture that the answer is Yes.
low	A379248	fd37a287	Every positive integer is conjectured to occur exactly once in A379248.	The sequence is conjectured to be a permutation of the positive integers.
low	A384222	a005ff85	The row lengths of triangle A384149 equal A237271.	A384149(n,k) is the sum of the terms in the k-th sublist of divisors of n. In the comments of A384149 it is conjectured that the row lengths of that triangle give A237271.
low	A384336	e4b98154	In A384336, every value other than 1 and 2 occurs infinitely often.	1 appears 3 times and 2 appears 2 times, all other numbers are conjectured to appear infinitely many times.
low	A386482	eb76d15f	Every positive integer appears in A386482.	It is conjectured that every positive number appears.
low	A387231	2216172b	A387231 contains every positive integer exactly once.	The sequence is conjectured to be a permutation of the positive integers.
medium	A000040	856f07b3	Every positive rational is a finite sum of reciprocals 1/(p+1) of distinct listed primes.	I also conjecture that for any positive rational number r there are finitely many primes p_1,...,p_k such that r = Sum_{j=1..k} 1/(p_j+1).
medium	A000040	cdf1b230	Every positive rational is a finite sum of reciprocals 1/(q-1) of distinct listed primes.	I conjecture that for any positive rational number r there are finitely many primes q_1,...,q_k such that r = Sum_{j=1..k} 1/(q_j-1).
medium	A000670,A004123,A167137,A305550,A354242	79f8bb44	Every integral sequence with exponential generating function G(exp(x)-1) is eventually periodic modulo k with period dividing phi(k).	More generally, we conjecture that the same property holds for integer sequences having an e.g.f. of the form G(exp(x) - 1), where G(x) is an integral power series. (End)
medium	A000984	249bfda5	Only finitely many central binomial coefficients avoid divisibility by all of 3, 5, 7, and 11.	it is conjectured that there are only finitely many indices n such that C_n is not divisible by any of 3, 5, 7 and 11.
medium	A001146	185557d9	The values 2^(2^m) for m>1 are exactly the integers n with n^4-1 dividing 2^n-1 in the stated intersection.	I conjecture that { a(n) ; n>1 } are the numbers such that n^4-1 divides 2^n-1, intersection of A247219 and A247165.
medium	A001359	95b6c296	For every n, A113910(n+4) equals A001359(n+2).	It is conjectured that A113910(n+4) = a(n+2) for all n. - _Creighton Dement_, Jan 15 2009
medium	A001359	cfaa5644	Every odd exponent n at least 15 has a positive coefficient in the fifth power of the generating series for lesser twin primes.	I would like to conjecture that if f(x) is a series whose terms are x^n, where n represents the terms of sequence A001359, and if we inspect {f(x)}^5, the conjecture is that every term of the expansion, say a_n * x^n, where n is odd and at least equal to 15, has a_n >= 1.
medium	A002003	7e45e1ea	Every subsequence a(mn) obeys the stated three-term polynomial recurrence of degree 2m.	For fixed m = 1,2,3,..., we conjecture that the sequence b(n) := a(m*n) satisfies a recurrence of the form P(2*m,n)*b(n+1) + P(2*m,-n)*b(n-1) = Q(2*m,n)*b(n), where the polynomials P(2*m,n) and Q(2*m,n) have degree 2*m.
medium	A002387	6127d4ff	For n>1, A002387(n) is the nearest integer to exp(n-gamma).	It is conjectured that, for n > 1, a(n) = floor(exp(n-gamma) + 1/2). - _Benoit Cloitre_, Oct 23 2002
medium	A002981	b6e9fc2e	No consecutive integers n,n+1 above 2 both yield factorial primes n!+1 and (n+1)!+1.	we can conjecture that for n > 2 if n! + 1 is prime then (n+1)! + 1 is not prime.
medium	A003001	ffd01d00	For every persistence value other than 2, only finitely many decimal digit-product class representatives have that persistence.	For any multiplicative persistence, except multiplicative persistence 2, the set of class representative numbers with that multiplicative persistence is conjectured to be finite.
medium	A003135	0773a3e5	The OEIS list of factorials that are nontrivial products of smaller factorials is complete.	n! is a nontrivial product of factorials. It is conjectured that the list is complete.
medium	A003277	c6290207	Every odd cyclic number divides at least one Carmichael number.	G. P. Michon conjectured (c. 1980) that any odd cyclic number has at least one Carmichael multiple (if the conjecture is true, each of them has infinitely many such multiples).
medium	A003313	5efe1f1f	The shortest addition-chain length of n is at least floor(log2 n) plus ceiling(log2 of the binary digit sum of n).	It is conjectured by D. E. Knuth, K. Stolarsky et al. that for all n: floor(log_2(n)) + ceiling(log_2(v(n))) <= a(n), where v(n) = A000120(n).
medium	A003325	419c99e1	A003325 and A052276 have infinitely many common terms.	It is conjectured that this sequence and A052276 have infinitely many numbers in common, although only one example (128) is known. [Any further examples are greater than 5 million. - _Charles R Greathouse IV_, Apr 12 2020] [Any further example is greater than 10^12. - _M. F. Hasler_, Jan 10 2021]
medium	A003327	7d8bfd08	Every integer greater than 7373170279850 belongs to A003327.	It is conjectured that every number greater than 7373170279850 is in this sequence. [See the paper of the same name. - _T. D. Noe_, May 25 2017] - _Charles R Greathouse IV_, Jan 14 2017
medium	A003679	47b60135	33066 is the largest integer not expressible as a sum of three pentagonal numbers.	The last term is conjectured to be 33066.
medium	A003961	ca742b02	For every r at least 1, the least omitted odd value among a(i) for i below prime(r) is prime(r+1).	Meyers (see Guy reference) conjectures that for all r >= 1, the least odd number not in the set {a(i): i < prime(r)} is prime(r+1). - _N. J. A. Sloane_, Jan 08 2021
medium	A004000	0e6b1dd4	Every RATS orbit eventually enters A004000 or a finite cycle.	It is conjectured that no matter what the starting term is, repeatedly applying RATS leads either to this sequence or into a cycle of finite length, such as those in A066710 and A066711.
medium	A005097	ec649665	Perfect error-correcting Lee codes over Z of word length n exist whenever 2n+1 is prime.	Perfect error-correcting Lee codes of word length n over Z: it is conjectured that these always exist when 2n+1 is a prime, as mentioned in Horak. - _Jonathan Vos Post_, Sep 19 2011
medium	A005384	7cece3b8	Every finite consecutive block of A005384 becomes a prime base-b numeral for infinitely many bases b larger than its digits.	In the spirit of the conjecture related to A217788, we conjecture that for any integers n >= m > 0 there are infinitely many integers b > a(n) such that the number Sum_{k=m..n} a(k)*b^(n-k) is prime.
medium	A006165	8927cc4e	A006165: We conjecture that the repeated values of the sequence are of the form (2^k - 1)*2^m. The number of repeated values appears to always be 2, 3, 5, 9, 17, 35, ..., independent of k, conjecturally A000051.	We conjecture that the repeated values of the sequence are of the form (2^k - 1)*2^m. The number of repeated values appears to always be 2, 3, 5, 9, 17, 35, ..., independent of k, conjecturally A000051.
medium	A006231	2a3bdda1	The semialgebraic dimension of the realizable random-ordering distributions P_n equals A006231(n).	Let P_n be the set of probability distributions over orderings of n objects that can be obtained by drawing n real numbers from independent probability distributions and sorting. Then a(n) is conjectured to be the dimension of P_n, as a semi-algebraic subset of R^(n!). - _Jamie Tucker-Foltz_, Jul 29 2024
medium	A006450	acaf5756	Successive nth roots of the prime-indexed primes strictly decrease.	I conjecture that the sequence a(n)^(1/n) (n = 1,2,3,...) is strictly decreasing.
medium	A006946	a671d99f	The two published upper bounds for the independence number of the binary de Bruijn graph are equalities for every n.	Proposition 4.3 (b) in Lichiardopol's paper (see links) can be formulated as a(n) <= 2^(n-1) - A000031(n)/2 + 1 for odd n. For even n, Proposition 5.4 says that a(n) <= (a(n+1) + 1)/2 <= 2^(n-1) - A000031(n+1)/4 + 1. For n<=13, equality holds in both cases, and I conjecture that it holds for all n.
medium	A007366	140ff740	For every A007366 value, the two inverse-totient solutions are conjectured to be m and 2m with m odd.	It is conjectured that the larger solution is 2*A271983(n); or equivalently, all terms in A271983 are odd.
medium	A007531	c2a990e7	The only positive solutions of n^3-n=k! have n in {2,3,5,9} with k in {3,4,5,6} respectively.	_Ed Pegg Jr_ conjectures that n^3 - n = k! has a solution if and only if n is 2, 3, 5 or 9 (when k is 3, 4, 5 and 6).
medium	A007691	5237bdff	There are infinitely many multiply-perfect numbers n with n dividing sigma(n).	Luca's solution of problem 11090, which proves that for k>1 there are an infinite number of n such that n divides sigma_k(n), does not apply to this sequence. However, it is conjectured that this sequence is also infinite. - _T. D. Noe_, Nov 04 2007
medium	A007770	360a4b23	There are infinitely many prime happy numbers.	It is conjectured that the sequence includes an infinite number of primes (see A035497).
medium	A008978	50a18e63	Both coefficient sequences u and v satisfy the stated p^(3k) congruences for all p>=5 and positive m,k.	We conjecture that the supercongruences u(m*p^k) == u(m*p^(k-1)) ( mod p^(3*k) ) and v(m*p^k) == v(m*p^(k-1)) ( mod p^(3*k) ) hold for all primes p >= 5 and positive integers m and k.
medium	A013936	8525eecd	The optimal error exponent in the asymptotic expansion of A013936 is 1/4 plus arbitrarily small epsilon.	In fact we have: a(n) = zeta(2)*n+zeta(1/2)*n^(1/2)+O(n^theta) with theta<1/2 and we conjecture that theta=1/4+epsilon is the best possible choice.
medium	A013937	bd2235b2	The optimal error exponent for Sum_{k<=n} floor(n/k^3) is 1/4+epsilon.	a(n) = a(n-1)+A061704(n). a(n) = Sum_{k=1..n} floor((n/k)^(1/3)) with asymptotic formula: a(n) = zeta(3)*n+zeta(1/3)*n^(1/3)+O(n^theta) where theta<1/3 and we conjecture that theta=1/4+epsilon is the best possible choice.
medium	A015762	175dfd69	For every x in A015762 and every j>=0, phi(x) divides sigma_(8j+4)(x).	sigma_{8j+4}(x)/phi(x) is an integer for j=0..500, x=1,2,3,6,249,498, and this is conjectured to hold for possible larger terms of A015762 and all j. Compare with comments to A015759, A091285, A015770. - _Labos Elemer_, May 27 2004
medium	A015910	b8ea0242	A015910: This sequence is conjectured to include every integer k >= 0 except k = 1.	This sequence is conjectured to include every integer k >= 0 except k = 1.
medium	A016742	e16be15d	A regular Hadamard matrix of order n exists if and only if n is an even square.	It is conjectured (I think) that a regular Hadamard matrix of order n exists iff n is an even square (cf. Seberry and Yamada, Th. 10.11). A Hadamard matrix is regular if the sum of the entries in each row is the same. - _N. J. A. Sloane_, Nov 13 2008
medium	A023037	7dee7ce0	For every prime n, (n^n-1)/(n-1) is exactly the Bell-number period modulo n.	For prime n, a(n) is conjectured to be the period of Bell numbers (mod n).
medium	A023873,A283271	57f5b139	For each generating function in A023873 and A283271 and every integer m, the derived coefficients satisfy the stated supercongruences for primes p>=7.	Let A(x) denote the g.f. and let m be an integer. Define a sequence by u(n) = [x^n] A(x)^(m*n). We conjecture that the supercongruence u(n*p^r) == u(n*p^(r-1)) (mod p^(3*r)) holds for all positive integers n and r and all primes p >= 7. Cf. A380581. - _Peter Bala_, Jan 21 2025
medium	A024356	729c7a2e	All prime Hankel determinants A024356(n) are nonzero except at n=4.	I conjecture that a(4) is the only zero.
medium	A027687	c4ea2ed1	There are only finitely many 4-perfect numbers.	It is conjectured that there are only finitely many terms. - _N. J. A. Sloane_, Jul 22 2012
medium	A027697	07191a60	For n!=2, the n-th odious prime is below the n-th evil prime, and their gap tends to infinity.	Conjecture: a(n) < A027699(n) except for n = 2; verified up to n=5*10^7. Moreover, I conjecture that A027699(n) - a(n) tends to infinity.
medium	A027699	91692360	The counting-function difference pi_odious(m)-pi_evil(m) tends to infinity.	Moreover I conjecture that pi_2(m)-pi_1(m) tends to infinity with records at the primes m=2, 13, 41, 61, 67, 79, 109, 131, 137, ...
medium	A028393	1f1eb3ad	The trajectory obtained by iterating A006368 from 8 never repeats.	It is conjectured that this trajectory never repeats, but no proof of this has been found. - _N. J. A. Sloane_, Jul 14 2009
medium	A028870,A066049,A066436	9407ac20	Each polynomial-prime sequence represented by A028870, A066049, and A066436 is infinite.	It is conjectured that this sequence is infinite.
medium	A033810	331819fd	The displayed ceiling expansion equals the birthday-threshold value A033810(n) for every n.	a(n) = ceiling(sqrt(2*n*log(2)) + (3 - 2*log(2))/6 + (9 - 4*log(2)^2) / (72*sqrt(2*n*log(2))) - 2*log(2)^2/(135*n)) for all n up to 10^18. It is conjectured that this formula holds for all n.
medium	A034171	49e74092	A034171: Working with an offset of 1, we conjecture a(p*n) = a(n) (mod p^2) for prime p = 1 (mod 3) and all positive integers n except those n of the form n = m*p + k for 0 <= m <= (p-1)/3 and 1 <= k <= (p-1)/3.	Working with an offset of 1, we conjecture a(p*n) = a(n) (mod p^2) for prime p = 1 (mod 3) and all positive integers n except those n of the form n = m*p + k for 0 <= m <= (p-1)/3 and 1 <= k <= (p-1)/3.
medium	A034693	0b822691	The ratio a(n)/(log n log log n) for A034693 is unbounded.	I conjecture the opposite: a(n) / (log n log log n) is unbounded.
medium	A034878	aa3c8280	A034878 and A001013 have the same members except for 2, 9, and 10.	Except for the numbers 2, 9 and 10 this sequence is conjectured to be the same as A001013.
medium	A037071	64aa221f	A037071: We conjecture that for all n >= 0, a(n) equals [10^(n+1)/9]*9 with one of the (first) digits 9 replaced by a digit among {1, 2, 4, 5, 7, 8}.	We conjecture that for all n >= 0, a(n) equals [10^(n+1)/9]*9 with one of the (first) digits 9 replaced by a digit among {1, 2, 4, 5, 7, 8}.
medium	A038458	4ffa4f0e	The real solution of 127^x - 113^x = 1 represented by A038458 is irrational.	I conjecture it is irrational.
medium	A048161	99600a19	There are infinitely many primes p for which (p^2+1)/2 is also prime.	It is conjectured that there are an infinite number of such triangles.
medium	A048799	007e2380	The constants represented by A048799, A048834, A071120, and A048835 through A048838 are all irrational.	I conjecture that the constants defined in the present sequence, A048834, A071120, A048835, A048836, A048837, A048838 are irrational.
medium	A051179	f187f585	For n>7, the number of distinct prime factors of 2^(2^n)-1 strictly increases and the preceding count exceeds n.	I conjecture that, for n > 7, omega(a(n)) > omega(a(n-1)) > n.
medium	A055211	86049171	Every term of A055211 is prime.	The first 1000 terms are all prime and it is conjectured that all terms are primes.
medium	A058887	73c31436	The first prime Sierpiński number is 271129, and A058887 eventually stabilizes at it.	This prime p will likely be the first prime Sierpiński number, which is conjectured to be 271129.
medium	A059363	157d6960	Every A059363 term after the first two is conjectured to be semiprime in the big-Omega sense.	The values of A001222(a(n)) are 0,1,2,2,2,... and are conjectured to be 2 for all n > 2.
medium	A060941	2a3fdbd2	Every recursively defined descendant sequence of A060941 satisfies the stated modulus p^(3k) supercongruences for primes p at least 7.	Inductively define a family of sequences {a(i,n) : n >= 0}, i >= 1, by setting a(1,n) = a(n) and, for i >= 2, a(i,n) = [x^n] ( exp(Sum_{k >= 1} a(i-1,k)*x^k/k) )^n. We conjecture that the sequences {a(i,n) : n >= 0}, i >= 2, also satisfy the supercongruences u(n*p^k) == u(n*p^(k-1)) (mod p^(3*k)) for primes p >= 7 and positive integers n and k.
medium	A061300	022d959a	For every n other than 4, A061300(n)=A037019(n!); 4! is the sole exceptional factorial.	I conjecture that this remains true for all larger n, i.e., 4! is the only "exceptional" factorial (see A037019).
medium	A061641	a72d8642	The counting ratio for Collatz pure numbers tends to a constant near 2.311.	I conjecture that a(n)/n -> C=constant for n->oo, where C=2.311...
medium	A061652	a1e74163	No odd superperfect number exists.	It is conjectured that there are no odd superperfect numbers, in which case this coincides with A019279.
medium	A063544	5d6b7acc	Double-circle configurations minimize the number of triangulations among planar n-point sets.	The double circles are conjectured to minimize the number of triangulations, and in this case the next terms would be 203748, 674949, 2031054, 6807382, 20662980, ...
medium	A064413	12e10ee9	Almost every EKG-sequence term follows n(1+1/(3 log n)) up to o(n/log n), with prime-related terms forming the spikes.	In Lagarias-Rains-Sloane (2002), it is conjectured that almost all a(n) satisfy the asymptotic formula a(n) = n (1+ 1/(3 log n)) + o(n/log n) as n -> oo and that the exceptional terms when the sequence is a prime or 3 times a prime p produce the spikes in the sequence.
medium	A065710	4f55325e	For each fixed x, the number of digit 2's in 2^n equals x only finitely often.	I conjecture that any value x = 0, 1, 2, 3, ... occurs only a finite number of times
medium	A065744	b3768c9d	For each fixed x, the number of digit 9's in 2^n equals x only finitely often.	I conjecture that any value x = 0, 1, 2, ... occurs only a finite number of times
medium	A066357	cf8fded1	A066357: We conjecture that a(n) and C(n) have the same 2-adic valuation (checked up to n = 100).	We conjecture that a(n) and C(n) have the same 2-adic valuation (checked up to n = 100).
medium	A067191	5f67c3e6	A067191 has no terms beyond those currently listed.	I conjecture there are no further terms in this sequence
medium	A067576	0d4b8932	Every column of the shifted A067576 array is eventually a geometric progression with common ratio 2.	Row i shows the numbers m, in increasing order, such that 2^i divides binomial(2*m, m) and 2^(i+1) does not. Let T'(i, j) = 1 + T(i, j) for all i and j. Conjecture: every column of T' is eventually geometric with common ratio 2.
medium	A068875	a1c34a7a	Every zero of P(n,t), defined by powers of the generating function A(x), has real part -n/2.	If A(x)^t = 1 + 2*t*x + Sum_{n >= 2} t*P(n,t)*x^n, then we conjecture that all the zeros of the polynomial P(n,t) lie on the vertical line Re(t) = -n/2 in the complex plane.
medium	A071304	127a6f41	A071304: We conjecture that a(n+1) = a(n)*b(n+1) for n >= 1.	We conjecture that a(n+1) = a(n)*b(n+1) for n >= 1.
medium	A071306	4300302e	The GF(7) norm-one counts satisfy b(n)=7b(n-1)-7b(n-2)+49b(n-3), and A071306(n+1)=A071306(n)*b(n+1).	Let b(n) be the number of solutions to the equation Sum_{i = 1..n} x_i^2 = 1 (mod 7) with x_i in 0..6. We conjecture that b(n) = 7*b(n-1) - 7*b(n-2) + 49*b(n-3) for n >= 4 with b(1) = 2, b(2) = 8, and b(3) = 42. We also conjecture that a(n+1) = a(n)*b(n+1) for n >= 1.
medium	A071356	f2d4ace9	A071356 enumerates three stated stack-sorting preimage classes; only the equality between the last two classes is currently known.	Let s denote West's stack-sorting map, and let Av_n(tau_1, ..., tau_r) denote the set of permutations of [n] that avoid the patterns tau_1, ..., tau_r. It is conjectured that a(n) = |s^{-1}(Av_{n+1}(132, 231))| = |s^{-1}(Av_{n+1}(132, 312))| = |s^{-1}(Av_{n+1}(231, 312))|. Only the last of these equalities is known. - _Colin Defant_, Sep 16 2018
medium	A072340	5833e3d8	A072340: We conjecture that an integer is always reached.	We conjecture that an integer is always reached.
medium	A075082	37a30351	A034878 and the Jordan-Polya numbers A001013 coincide except at 2, 9, and 10.	It is conjectured that A034878 and A001013 (Jordan-Polya numbers = products of factorials) are the same sequence (except for the numbers 2, 9 and 10).
medium	A076336	0290b85a	There is no integer n for which n*2^k+1 is prime for every k.	the set S3 is empty.
medium	A078712	a8ba7158	For every prime p, A078712(p) is congruent to 1 modulo p.	Similar to the Perrin sequence A001608, I conjecture that if p is a prime then a(p) == 1 (mod p).
medium	A078900,A078901	0bc9de68	Every Fermat number is squarefree.	However, unlike the Fermat numbers (which are conjectured to be squarefree), these generalized Fermat numbers are not necessarily squarefree for k > 1.
medium	A079489	7ffffe4d	For the series-reversion-derived sequence v(n), v(n p^k) is congruent to v(n p^(k-1)) modulo p^(3k) for every prime p at least 5 and positive n,k.	Let B(x) = 1/x * series_reversion(x*A(x)). Define a sequence {v(n) : n >= 0} by setting v(n) = [x^(s*n)] B(x)^(r*n). We conjecture that the supercongruence v(n*p^k) == v(n*p^(k-1)) (mod p^(3*k)) holds for all primes p >= 5 and for all positive integers n and k. (End)
medium	A079489	a3755f69	The coefficient sequence u satisfies the stated p^(3k) congruence for every prime at least 5 and all n,k.	We conjecture that the supercongruence u(n*p^k) == u(n*p^(k-1)) (mod p^(3*k)) holds for all primes p >= 5 and for all positive integers n and k.
medium	A080101	db2b0bd0	The maximum term of A080101 is 2.	This is conjectured to be the maximum, see also A366833.
medium	A081145	f5920886	The absolute-difference sequence of the first Slater-Velez permutation is itself a permutation of the positive integers.	its absolute difference sequence (see A308007) is also a permutation.
medium	A083876	7290dbf5	For n greater than 1, A083876(n) is the least Carmichael number whose least prime factor exceeds prime(n).	Conjecture: for n > 1, a(n) is the smallest Carmichael number k with lpf(k) > prime(n).
medium	A088568	3f580a97	The Kolakoski discrepancy A088568(n) is O(log n).	It is conjectured that a(n) = O(log(n)) (see PlanetMath link). Note that for a random sequence of 1's and -1's, we would have O(sqrt(n)). - _Daniel Forgues_, Jul 10 2015
medium	A088568	b6f6e360	The Kolakoski discrepancy A088568(n) is sublinear.	It is conjectured that a(n) = o(n).
medium	A088643	ccf7d284	Every row n of A088643 is a permutation of {1,...,n}.	It is conjectured that row n is always a permutation of {1..n}. This has been verified for n <= 400000.
medium	A088995	676d7998	A088995 is conjectured to equal 10^n up to a multiplicative factor whose logarithm is O(log log n).	I conjecture that log(a(n)/10^n) = O(log log n).
medium	A089605	fb8a867b	Every positive integer eventually enters a cycle under the parity/reversal map P(m).	Let P(m) = m/2 if m is even, m + rev(m) if m is odd, where rev(m) is m's base 10 representation reversed. It is conjectured that any number k eventually cycles when P is repeatedly applied to it. Sequence gives number of steps before the cycle is reached.
medium	A092372	5290a635	The zero-loop face probability in the cylindrical O(1) model equals A092372(n)/A_HT(n)^2.	The probability that a face of the lattice on an n X infinity cylinder is surrounded by zero loops is conjectured to be given by a(n)/A_{HT}(n)^2, where A_{HT}(n) is the number of n X n half turn symmetric alternating sign matrices.
medium	A092373	1187c75f	The one-loop face probability in the cylindrical O(1) model equals A092373(n)/A_HT(n)^2.	The probability that a face of the lattice on an n X infinity cylinder is surrounded by one loop is conjectured to be given by a(n)/A_{HT}(n)^2, where A_{HT}(n) is the number of n X n half turn symmetric alternating sign matrices.
medium	A092374	03ef28dd	The two-loop face probability in the cylindrical O(1) model equals A092374(n)/A_HT(n)^2.	The probability that a face of the lattice on an n X infinity cylinder is surrounded by two loops is conjectured to be given by a(n)/A_{HT}(n)^2, where A_{HT}(n) is the number of n X n half turn symmetric alternating sign matrices.
medium	A092375	501472bb	The three-loop face probability in the cylindrical O(1) model equals A092375(n)/A_HT(n)^2.	The probability that a face of the lattice on an n X infinity cylinder is surrounded by three loops is conjectured to be given by a(n)/A_{HT}(n)^2, where A_{HT}(n) is the number of n X n half turn symmetric alternating sign matrices.
medium	A092376	b36ef6eb	The four-loop face probability in the cylindrical O(1) model equals A092376(n)/A_HT(n)^2.	The probability that a face of the lattice on an n X infinity cylinder is surrounded by four loops is conjectured to be given by a(n)/A_{HT}(n)^2, where A_{HT}(n) is the number of n X n half turn symmetric alternating sign matrices.
medium	A092377	eb04dba2	The five-loop face probability in the cylindrical O(1) model equals A092377(n)/A_HT(n)^2.	The probability that a face of the lattice on an n X infinity cylinder is surrounded by five loops is conjectured to be given by a(n)/A_{HT}(n)^2, where A_{HT}(n) is the number of n X n half turn symmetric alternating sign matrices.
medium	A092378	772fec82	The six-loop face probability in the cylindrical O(1) model equals A092378(n)/A_HT(n)^2.	The probability that a face of the lattice on an n X infinity cylinder is surrounded by six loops is conjectured to be given by a(n)/A_{HT}(n)^2, where A_{HT}(n) is the number of n X n half turn symmetric alternating sign matrices.
medium	A092379	b568c0bd	The seven-loop face probability in the cylindrical O(1) model equals A092379(n)/A_HT(n)^2.	The probability that a face of the lattice on an n X infinity cylinder is surrounded by seven loops is conjectured to be given by a(n)/A_{HT}(n)^2, where A_{HT}(n) is the number of n X n half turn symmetric alternating sign matrices.
medium	A092380	57945119	The eight-loop face probability in the cylindrical O(1) model equals A092380(n)/A_HT(n)^2.	The probability that a face of the lattice on an n X infinity cylinder is surrounded by eight loops is conjectured to be given by a(n)/A_{HT}(n)^2, where A_{HT}(n) is the number of n X n half turn symmetric alternating sign matrices.
medium	A092381	35e7be2a	The nine-loop face probability in the cylindrical O(1) model equals A092381(n)/A_HT(n)^2.	The probability that a face of the lattice on an n X infinity cylinder is surrounded by nine loops is conjectured to be given by a(n)/A_{HT}(n)^2, where A_{HT}(n) is the number of n X n half turn symmetric alternating sign matrices.
medium	A092382	552f4d76	The ten-loop face probability in the cylindrical O(1) model equals A092382(n)/A_HT(n)^2.	The probability that a face of the lattice on an n X infinity cylinder is surrounded by ten loops is conjectured to be given by a(n)/A_{HT}(n)^2, where A_{HT}(n) is the number of n X n half turn symmetric alternating sign matrices.
medium	A103885	b39c9fbc	For each fixed positive m, the subsequence b(n)=a(mn) obeys a three-term recurrence with the displayed polynomial structure and degrees.	More generally, for fixed m = 1,2,3,..., we conjecture that the sequence b(n) := a(m*n) satisfies a recurrence of the form ( Product_{k = 1..2*m} (2*m*n + k) ) * P(2*m,n)*b(n+1) + (-1)^m*( Product_{k = 1..2*m} (2*m*n - k) ) * P(2*m,-n)*b(n-1) = Q(2*m,n^2)*b(n), where the polynomials P(2*m,n) and Q(2*m,n) have degree 2*m.
medium	A105750	647eb4f0	A105750: We conjecture that the sets of type 1 and type 3 primes taken together consist of primes p == 3 (mod 4), equivalently, rational primes that remain inert in the field extension Q(sqrt(-1)) of Q.	We conjecture that the sets of type 1 and type 3 primes taken together consist of primes p == 3 (mod 4), equivalently, rational primes that remain inert in the field extension Q(sqrt(-1)) of Q.
medium	A105750,A105751	ceaaa7d9	A105750 and A105751: We conjecture that the set of type 2 primes consists of primes p == 1 (mod 4), equivalently, rational primes that split in the field extension Q(sqrt(-1)) of Q, together with the prime p = 2, which ramifies in Q(sqrt(-1)).	We conjecture that the set of type 2 primes consists of primes p == 1 (mod 4), equivalently, rational primes that split in the field extension Q(sqrt(-1)) of Q, together with the prime p = 2, which ramifies in Q(sqrt(-1)).
medium	A105751	4a3399b4	A105751: We conjecture that the set of type 3 primes consists of primes p == 3 (mod 4), equivalently, rational primes that remain inert in the field extension Q(sqrt(-1)) of Q.	We conjecture that the set of type 3 primes consists of primes p == 3 (mod 4), equivalently, rational primes that remain inert in the field extension Q(sqrt(-1)) of Q.
medium	A111027	859ddf9e	There are infinitely many Wieferich primes in base 12.	The sequence is conjectured to be infinite.
medium	A113424	e8f3894f	For p>=7, b_k(n*p^r) is congruent to b_k(n*p^(r-1)) modulo p^(3r) for every k,n,r>=1.	We conjecture that for k >= 1 the sequence defined by b_k(n) := [x^n] F(x)^(k*n) satisfies the above supercongruences for primes p >= 7.
medium	A118514	f69bc05f	The reverse-and-add-2 map is conjectured to have progressively longer cycles with every larger even component length.	It is conjectured that there are also cycles of increasing length with 8-, 10-, 12-, ... digit components.
medium	A120062	4f41fb50	Among integer-sided triangles with inradius n, the greatest possible longest side is n^4+3n^2+1.	It is conjectured that the longest possible side c of a triangle with integer sides and inradius n is given by A057721(n) = n^4 + 3*n^2 + 1.
medium	A127751	b4da087d	The parity sequence of the A127751 row sums is the first Feigenbaum symbolic sequence A035263.	Row sums A127752 mod 2 are conjectured to be first Feigenbaum symbolic sequence A035263.
medium	A133910	d6150048	n divides A133910(n) exactly for n=1 or n in A051283.	I conjecture that a(n) is divisible by n iff n is in {1} U A051283.
medium	A140100	27b41a30	The first-difference word of X is 212121 followed by the image under the stated morphism of the Tribonacci word.	It is conjectured in A305392 that the first differences of (X(n)) as a word are given by 212121 delta(x), where x is the tribonacci word x = A092782, and delta is the morphism
medium	A145354	ba16a1ae	For each m at least one prime Q and one prime P exist in the two stated subintervals around (2m+1)^2.	It is conjectured that for each m >= 1 there exist primes Q=Q(m) and P=P(m) with (2m)^2 + 1 <= Q <= (2m+1)^2 - 2m <= P <= (2m+1)^2; then set a(2m-1) = Q, a(2m) = P.
medium	A156554	0c93cc5d	For every positive r,s, the stated Legendre-polynomial coefficient sequence satisfies the preceding p^(3k) supercongruences.	More generally, if r and s are positive integers, we conjecture that the same supercongruences hold for the sequence defined by [x^(r*n)] P(s*n,(1 + x)/(1 - x)). (End)
medium	A156554	635e9c9e	The previously specified p^(3k) supercongruences extend to the stated coefficient sequences for arbitrary integer A and B.	Even more generally, we conjecture that the same supercongruences hold for the sequence defined by [x^(r*n)] (1 + x)^(A*n) * (1 - x)^(B*n) * P(s*n,(1 + x)/(1 - x)), where A and B are integers.
medium	A156695	7b96b346	Every A156695 term greater than 5 is divisible by 255.	I conjecture that all members of this sequence greater than 5 are divisible by 255.
medium	A160678	4629d65d	A160678: This sequence includes many terms but it is conjectured to be finite.	This sequence includes many terms but it is conjectured to be finite.
medium	A162763	b573e463	For elevator capacity C=3, the recursive upper bound is conjectured to equal the optimum for every n > 2C+3.	I conjecture, however, that this upper bound is sharp (i.e., yields the exact result) for all n > 2C + 3.
medium	A162764	5e880187	For elevator capacity C=4, the recursive upper bound is conjectured to equal the optimum for every n > 2C+3.	I conjecture, however, that this upper bound is sharp (i.e., yields the exact result) for all n > 2C + 3.
medium	A168147	5a3190e6	There are infinitely many primes of the form 10*n^3+1.	It is conjectured that the sequence is infinite.
medium	A168327	37edca74	There are infinitely many primes obtained by decimal concatenation 1 followed by n^3.	It is conjectured that sequence is infinite.
medium	A173419	151b41a4	If n is prime, then A173419(n)>=A173419(n-1).	Conjecture: if n is prime then a(n) >= a(n-1).
medium	A180000	cc4c854c	log(A180000(n)) = n*(1-log 2) + O(n^(1/2+epsilon)) for every epsilon>0.	It is conjectured that log a(n) ~ n(1 - log 2) + O(n^{1/2+eps}) for all eps > 0.
medium	A182514	6c9ef534	A182514: I conjecture that this sequence is finite and that the terms stated are the only members.	I conjecture that this sequence is finite and that the terms stated are the only members.
medium	A182514	832f5f0a	There are infinitely many primes satisfying the defining large consecutive-prime ratio inequality of A182514.	I conjecture the contrary: the sequence is infinite.
medium	A183069	64d60615	A183069: We conjecture that the sequence satisfies the supercongruences a(n*p^k) == a(n*p^(k-1)) ( mod p^(3*k) ) for all primes p >= 5 and positive integers n and k.	We conjecture that the sequence satisfies the supercongruences a(n*p^k) == a(n*p^(k-1)) ( mod p^(3*k) ) for all primes p >= 5 and positive integers n and k.
medium	A184423	f4de9ac1	Every recursively defined descendant sequence of A184423 satisfies the stated modulus p^(3r) supercongruences for primes p at least 5.	Inductively define a family of sequences {a(i,n) : n >= 0}, i >= 1, by setting a(1,n) = a(n) and, for i >= 2, a(i,n) = [x^n] ( exp(Sum_{k >= 1} a(i-1,k)*x^k/k) )^n. We conjecture that the sequences {a(i,n) : n >= 0}, i >= 2, also satisfy the supercongruences u(n*p^r) == u(n*p^(r-1)) (mod p^(3*r)) for primes p >= 5 and positive integers n and r.
medium	A186253	6665f8ec	For every fixed m, sufficiently late zero indices b_m(k) make m b_m(k)+m-1 prime.	For any fixed integer m>=1 define u(1)=1 and u(n)=abs(u(n-1)-gcd(u(n-1),m*n-1)). Then (b_m(k))_{k>=1} is the sequence of integers such that u(b_m(k))=0 and we conjecture that for k large enough m*b_m(k)+m-1 is a prime number.
medium	A186420	55071e1d	A186420: We conjecture that for each integer k, the sequence defined by f_k(n) = [x^n] F(x)^(k*n) satisfies the above supercongruences, where F(x) is defined above.	We conjecture that for each integer k, the sequence defined by f_k(n) = [x^n] F(x)^(k*n) satisfies the above supercongruences, where F(x) is defined above.
medium	A186420	c980e47f	A186420: We conjecture that for each integer k, the sequence defined by e_k(n) = [x^n] E(x)^(k*n) also satisfies the above supercongruences.	We conjecture that for each integer k, the sequence defined by e_k(n) = [x^n] E(x)^(k*n) also satisfies the above supercongruences.
medium	A188597	e6169027	If no odd perfect number exists, infinitely many terms of A188597 are not divisible by 7.	The number of terms not divisible by 7 is conjectured to be infinite provided no odd perfect numbers exist.
medium	A195441	4ca6b696	The Bernoulli-denominator equation specified in A195441 has exactly the nine listed solutions.	It is conjectured that S = {3, 5, 8, 9, 11, 27, 29, 35, 59} is the full set of all such solutions.
medium	A198469	bd057232	Assuming infinitely many twin primes, for each r there is N(r) such that A_r(n) is 2 or a lesser twin prime for all n>=N(r).	Then the sequence is unbounded and, in the supposition that there are infinitely many twin primes, we conjecture that there exists number N=N(r)>=2, such that for n>=N every term A_r(n) is 2 or in A001359.
medium	A206622	22edd6e6	For every integer m, the coefficients u(n)=[x^n]A(x)^(mn) satisfy the stated mod-p^(3r) congruence for primes p>=5.	Let A(x) denote the g.f. and let m be an integer. Define a sequence by u(n) = [x^n] A(x)^(m*n). We conjecture that the supercongruence u(n*p^r) == u(n*p^(r-1)) (mod p^(3*r)) holds for all positive integers n and r and all primes p >= 5. Cf. A380582. - _Peter Bala_, Jan 21 2025
medium	A211419	da1320c9	For every r, a constant K(r) clears all products of the first r odd terms below 6n in the stated quotient of A211419(n).	More generally, we conjecture that there are constants K(r), r >= 1, such that a(n) * K(r)/((6*n - 1)*(6*n - 3)*...*(6*n - (2*r - 1))) is an integer for all n. (End)
medium	A212855	a066d036	For every k at least 7, fewer distinct partition multinomial coefficients occur than there are partitions of k.	For 7 <= k <= 10, this is not true anymore; i.e., A070289(k) < A000041(k) for 7 <= k <= 10 (and we conjecture that this is the case for all k >= 7).
medium	A216368	e3006a5d	For every n>=1, A216368(n,n)=A000081(n).	Conjecture: T(n,n) = A000081(n) for n>=1.
medium	A217729,A223083,A223088	f914329e	The trajectories represented by A217729, A223083, and A223088 never close into cycles.	It is conjectured that this trajectory does not close on itself.
medium	A221671	5679ef9b	A221671(n) is asymptotic to sqrt(8*n/3).	It is conjectured that a(n) ~ sqrt(8n/3).
medium	A221858	1f12139e	The Eratosthenes-like sieve sequence A221858 is a permutation of all primes.	moreover, we conjecture that the sequence is a permutation of the sequence of all primes.
medium	A221858	4dc77504	A221858: We conjecture that every term is prime;	We conjecture that every term is prime;
medium	A225039	8e2f53b1	A225039: We conjecture that every term is prime; moreover, we conjecture that the sequence is a permutation of the sequence of all primes.	We conjecture that every term is prime; moreover, we conjecture that the sequence is a permutation of the sequence of all primes.
medium	A225093	e186f401	A225093: We conjecture that every term is prime; moreover, we conjecture that the sequence is a permutation of the sequence of all primes.	We conjecture that every term is prime; moreover, we conjecture that the sequence is a permutation of the sequence of all primes.
medium	A227281,A227284	543438e9	For every k greater than 7, the least common difference of a k-term prime arithmetic progression is k primorial.	The minimal possible difference in an AP-k is conjectured to be k# for all k > 7.
medium	A228425	18d699de	A228425: We also conjecture that any integer n > 1 can be written as x + y (x, y > 0) with p_k(x) + p_{k+1}(y) prime, if and only if k is among 3, 39, 99.	We also conjecture that any integer n > 1 can be written as x + y (x, y > 0) with p_k(x) + p_{k+1}(y) prime, if and only if k is among 3, 39, 99.
medium	A228425	9a133f94	A228425: We conjecture that the only pairs (k,m) with 2 < k <= 10 and k< m <= 100 such that any integer n > 1 can be written as x + y (x, y > 0) with p_k(x) + p_m(y) prime, are as follows:  (3,4),(3,6),(3,28),(3,46),(3,52),(3,82),(3,88),(4,7),(4,15),(4,25),(4,27),(4,37),(4,43),(4,63),(4,67),(4,97),(6,25),(6,43),(6,73),(7,10),(7,18),(7,100),(10,15),(10,19),(10,27),(10,37),(10,55),(10,75),(10,79),(10,87),(10,99).	We conjecture that the only pairs (k,m) with 2 < k <= 10 and k< m <= 100 such that any integer n > 1 can be written as x + y (x, y > 0) with p_k(x) + p_m(y) prime, are as follows:  (3,4),(3,6),(3,28),(3,46),(3,52),(3,82),(3,88),(4,7),(4,15),(4,25),(4,27),(4,37),(4,43),(4,63),(4,67),(4,97),(6,25),(6,43),(6,73),(7,10),(7,18),(7,100),(10,15),(10,19),(10,27),(10,37),(10,55),(10,75),(10,79),(10,87),(10,99).
medium	A228425	bfd903f3	The specified parity and residue families of polygonal-number pairs represent every sufficiently large n with a prime p_k(x)+p_m(y).	For example, we conjecture that the pair (k, m) works if k is among 3, 4, 6 , and m > k is not congruent to k modulo 2. For k = 5, we guess that the pair (5, m) works if m is congruent to 0 or 4 modulo 6.
medium	A229451	1a801692	For every positive m, the 1/m!-th power of the defined series A(m,x) is conjectured to have integral coefficients.	We conjecture that the expansion of A(m,x)^(1/m!) also has integer coefficients.
medium	A229452	488d639a	For every positive m, b_m(n) is integral and satisfies the preceding p^(3k) supercongruences.	More generally, for a positive integer m, set A_m(x) = exp( Sum_{n >= 1} (m*n)!/(m!*n!^m) * x^n/n ) and define a sequence b_m(n) := [x^n] A_m(x)^n for n >=1. Then we conjecture that b_m(n) is an integer sequence satisfying the same congruences. (End)
medium	A231531	262ca2f1	A231531: We conjecture that the set of type 3 primes is A002145, primes of the form 4*k + 3.	We conjecture that the set of type 3 primes is A002145, primes of the form 4*k + 3.
medium	A231531	d7315772	A231531: We conjecture that the set of type 2 primes consists of p = 2 and all primes of the form p == 1 (mod 4).	We conjecture that the set of type 2 primes consists of p = 2 and all primes of the form p == 1 (mod 4).
medium	A254077	2239e856	Whenever cp first introduces p in A254077 with c a prime power, the term two places later is conjectured always to be p.	Theorem 5, generalization of Theorem 4. If a(n) = cp is the first term having p (prime) as a factor (n >3), and as a consequence c=k^i for prime k and i>0, then a(n+2), if it exists, is either p or ku for some integer u such that ku < p. (Note that it is conjectured to be always p, and observation confirms the conjecture.)
medium	A254077	a26bfe0c	If 2p first introduces prime factor p in A254077, then the term two places later is conjectured always to be p.	Theorem 4. If a(n) = 2p is the first term having p (prime) as a factor, then a(n+2), if it exists, is either p or 2u for some integer u such that 2u < p. (Note that it is conjectured to be always p, and observation confirms the conjecture.)
medium	A261953	a8c05647	The A261953 construction attains the maximum possible number of planar points with n nearest neighbors.	We conjecture that a(n) is optimal.
medium	A262350	ce7a6c73	A262350: The number of primes that are not in this sequence is conjectured to be infinite.	The number of primes that are not in this sequence is conjectured to be infinite.
medium	A263843	05dbbd16	The coefficients b(n)=[x^n]A(x)^n satisfy b(np^k) congruent to b(np^(k-1)) modulo p^(3k) for every prime p>=3.	Let A(x) = 1 + 4*x + 23*x^2 + ... denote the o.g.f. of this sequence taken with an offset of 0. The sequence defined by b(n) := [x^n] A(x)^n for n >= 0 begins [1, 4, 62, 1084, 19982, 379504, 7347410, 144168392, 2856907662, 57044977168, 1145905776312, 23131265652092, ...]. We conjecture that the supercongruences b(n*p^k) == b(n*p^(k-1)) ( mod p^(3*k) ) hold for prime p >= 3 and all positive integers n and k.
medium	A263843	93b5d519	For positive r and integer s, the coefficient sequence b(r,s;n) satisfies the preceding p^(3k) supercongruences.	More generally, for a positive integer r and integer s, the sequence {b(r,s;n) : n >= 0} defined by b(r,s;n) := [x^(r*n)] A(x)^(s*n) is conjectured to satisfy the same supercongruences. (End)
medium	A266952	52f0764d	A266952: I conjecture that this list is finite, and probably complete.	I conjecture that this list is finite, and probably complete.
medium	A266953	74292fb4	A266953: I conjecture that this list is finite, and probably complete.	I conjecture that this list is finite, and probably complete.
medium	A271518	9a7508d9	For every nonnegative n, there is at least one ordered representation counted by A271518(n).	a(n) > 0 for all n = 0,1,2,...
medium	A279561	5d34d56e	A279561 also counts inversion sequences avoiding the patterns 021 and 120.	It is conjectured that a_n also counts those length n inversion sequences with no entries e_i, e_j, e_k (where i<j<k) such that e_i < e_j > e_k and e_i <> e_k. This is the same as the set of length n inversion sequences avoiding 021 and 120.
medium	A281181	6695406c	A281181 reduced modulo k is eventually periodic with period dividing phi(k)^2.	More generally, we conjecture that the sequence {a(n)} reduced modulo a positive integer k is eventually periodic with the period dividing phi(k)^2, where phi(n) = A000010(n). An example is given below. - _Peter Bala_, Feb 16 2026
medium	A281976	337a31c4	A281976(n) is positive for every nonnegative integer n.	I would like to offer 2400 US dollars for the first proof of my conjecture that a(n) > 0 for any nonnegative integer n.
medium	A292876	e7b6fc58	Every orbit of A039653 eventually reaches a prime fixed point.	all orbits of A039653 are conjectured to end in such a fixed point prime p = A039654(k) for any k in this orbit.
medium	A295431	9c2c2916	Both stated Gamma-defined fractional factorial ratios are integers for every n>=0.	For n >= 0, we conjecture that both a(n/2) = (6*n)!*(n/2)! / ((3*n)!*(2*n)!*(3*n/2)!) = A347854(n) and a(n/3) = (4*n)!*(n/3)! / ((2*n)!*(4*n/3)!*n!) = A347855(n) are integers, where fractional factorials are defined using the Gamma function; for example, (n/2)! := Gamma(n/2 + 1).
medium	A307110	03fa2415	The optimal maximum matching distance between the rotated grids is sqrt(5)sin(Pi/8), attainable by the described local repairs.	It is conjectured that the least possible maximum distance within pairs can be reduced to sqrt(5)*sin(Pi/8)=0.855706... (A386241), but not further, and that this can be achieved by "local repairs" of the result of the strip bijection, i.e. by reassigning the connections in groups of 4 pairs, one of which being the pair with d>0.8557... and 3 pairs in the vicinity of the violating pair, but potentially addressing points in neighbor strips. The conjecture is supported by extensive numerical results, but an announced proof by Klaus Nagel remained unpublished.
medium	A308247	da935ce2	The next six least integers not expressible as differences of prime(n)-smooth numbers have the listed values.	The next few terms are conjectured to be 158857, 681179, 2516509, 10772123, 51292187, 186323681.
medium	A328960	20a715c4	A328960: These partitions are conjectured to be precisely those that have a pair of multiset partitions such that no part of one is a submultiset of any part of the other (see A320632).	These partitions are conjectured to be precisely those that have a pair of multiset partitions such that no part of one is a submultiset of any part of the other (see A320632).
medium	A331562	b213ea9c	Every row sequence of A331562 satisfies the displayed p^(3r) supercongruences.	Row 2, the sequence of central binomial numbers A000984, satisfies the supercongruences u(n*p^r) == u(n*p^(r-1)) (mod p^(3*r)) for all primes p >= 5 and all positive integers n and r (see Meštrović, equation 39). This is also known to be true for row 3 (A103882) and row 4 (A177316). We conjecture that each row sequence of the table satisfies the same congruences. - _Peter Bala_, Oct 26 2024.
medium	A333090	0b7df590	A333090: We conjecture that the sequence satisfies the stronger supercongruences a(n*p^k) == a(n*p^(k-1)) ( mod p^(3*k) ) for all primes p >= 5 and positive integers n and k.	We conjecture that the sequence satisfies the stronger supercongruences a(n*p^k) == a(n*p^(k-1)) ( mod p^(3*k) ) for all primes p >= 5 and positive integers n and k.
medium	A333090	59f4b0d5	For every integer m, the Taylor-polynomial sequence built from the Schroeder generating function S(x)^(mn) satisfies the preceding p^(3k) supercongruences.	More generally, for each integer m, we conjecture that the sequence {a_m(n) : n >= 0}, defined by setting a_m(n) = the n-th order Taylor polynomial of S(x)^(m*n) evaluated at x = 1, satisfies the same supercongruences. See A333091 for m = 2 and A333092 for m = 3. For similarly defined sequences see A333093 through A333097.
medium	A333093,A333097	17f75e34	A333093 and A333097: We conjecture that the sequence satisfies the stronger supercongruences a(n*p^k) == a(n*p^(k-1)) ( mod p^(3*k) ) for prime p >= 5 and positive integers n and k.	We conjecture that the sequence satisfies the stronger supercongruences a(n*p^k) == a(n*p^(k-1)) ( mod p^(3*k) ) for prime p >= 5 and positive integers n and k.
medium	A333097	7b349450	For every integer m, the Taylor-polynomial sequence built from the Catalan generating function c(x)^(mn) satisfies the preceding p^(3k) supercongruences.	More generally, for each integer m, we conjecture that the sequence a_m(n) := the n-th order Taylor polynomial of c(x)^(m*n) evaluated at x = 1 satisfies the same supercongruences. For cases see A099837 (m = -2), A100219 (m = -1), A000012 (m = 0), A333093 (m = 1), A333094 (m = 2), A333095 (m = 3), A333096 (m = 4).
medium	A333715	9454b522	Every subsequence a(mn) of A333715 satisfies the stated degree-6m three-term recurrence.	For fixed m = 1,2,3,..., we conjecture that the sequence b(n) := a(m*n) satisfies a recurrence of the form P(6*m,n)*b(n+1) + P(6*m,-n)*b(n-1) = Q(3*m,n^2)*b(n), where the polynomials P(6*m,n) and Q(3*m,n^2) have degree 6*m.
medium	A333715	ce04a4dd	A333715: We conjecture that a(n) satisfies the stronger supercongruences a(n*p^k) == a(n*p^(k-1)) ( mod p^(3*k) ) for prime p >= 5 and positive integers n and k.	We conjecture that a(n) satisfies the stronger supercongruences a(n*p^k) == a(n*p^(k-1)) ( mod p^(3*k) ) for prime p >= 5 and positive integers n and k.
medium	A336957	03b7f2db	A336957: We conjecture that even if p is introduced by some prime q>2, 2*p appears later.	We conjecture that even if p is introduced by some prime q>2, 2*p appears later.
medium	A343464	a199d88d	Every minimally non-Hamming-embeddable graph is planar.	I conjecture (on admittedly weak evidence) that these graphs are always planar.
medium	A347854	cb8f9ad6	The displayed hypergeometric ordinary generating function for A347854 is algebraic over Q(x).	O.g.f.: A(x) = hypergeom([1/12, 5/12, 7/12, 11/12], [1/3, 1/2, 2/3], 27648*x^2) + 40*x*hypergeom([11/12, 13/12, 7/12, 17/12], [3/2, 5/6, 7/6], 27648*x^2) is conjectured to be algebraic over Q(x).
medium	A347855	baa9cabb	The displayed hypergeometric ordinary generating function for A347855 is algebraic over Q(x).	O.g.f.: A(x) = hypergeom([11/12, 7/12, 5/12, 1/12], [2/3, 1/2, 1/3], 27648*x^3) + 9*x*hypergeom([11/12, 5/4, 5/12, 3/4], [5/6, 4/3, 2/3], 27648*x^3) + 189*x^2*hypergeom([19/12, 13/12, 5/4, 3/4], [7/6, 5/3, 4/3], 27648*x^3) is conjectured to be algebraic over Q(x).
medium	A347856	a66d6d34	The displayed hypergeometric ordinary generating function for A347856 is algebraic over Q(x).	O.g.f. A(x) = hypergeom([1/12, 1/6, 5/12, 7/12, 5/6, 11/12], [1/8, 3/8, 1/2, 5/8, 7/8], (19683/4)*x^2) + 20*x*hypergeom([17/12, 13/12, 11/12, 7/12, 4/3, 2/3], [11/8, 9/8, 7/8, 5/8, 3/2], (19683/4)*x^2) is conjectured to be algebraic over Q(x).
medium	A347856	d8ba7418	The gamma/factorial ratio defining A347856 is conjectured to be an integer for every nonnegative index.	The sequence is conjectured to be integral.
medium	A347857	6c673c16	The displayed hypergeometric ordinary generating function for A347857 is algebraic over Q(x).	O.g.f. A(x) = hypergeom([1/12, 1/3, 5/12, 7/12, 2/3, 11/12], [1/5, 2/5, 1/2, 3/5, 4/5], (2^10*3^9/5^5)*x^2) + 24*x*hypergeom([7/12, 5/6, 11/12, 13/12, 7/6, 17/12], [7/10, 9/10, 11/10, 13/10, 3/2], (2^10*3^9/5^5)*x^2) is conjectured to be algebraic over Q(x).
medium	A347857	fde68ada	Every term of A347857's fractional-factorial formula is an integer.	The sequence is conjectured to be integral.
medium	A347858	4444ed0d	The displayed hypergeometric ordinary generating function for A347858 is algebraic over Q(x).	O.g.f.: A(x) = hypergeom([1/18, 5/18, 7/18, 11/18, 13/18, 17/18], [1/4, 1/3, 1/2, 2/3, 3/4], (2^4)*(3^12)*x^2) + 512*x*hypergeom([5/9, 7/9, 8/9, 10/9, 11/9, 13/9], [3/4, 5/6, 7/6, 5/4, 3/2], (2^4)*(3^12)*x^2) is conjectured to be algebraic over Q(x).
medium	A347858	9aed63c0	The gamma/factorial ratio defining A347858 is conjectured to be integral at every nonnegative index.	The sequence is conjectured to be integral.
medium	A351413	db274dee	For every power-of-two order, a Latin stable-marriage instance attains the general maximum number of stable matchings.	For sizes 1 to 4, Latin instances provide exact bounds; they are conjectured to provide exact bounds for sizes a power of 2; they provide the best lower bounds known for sizes 6, 10, 12, and 24, of 48, 1000, 6472, and 126112960, respectively.
medium	A352655	f07abd5a	For every prime p at least 5, A352655(p) is congruent to 2 modulo p^5.	We conjecture that the stronger supercongruences a(p) == 2 (mod p^5) hold for primes p >= 5.
medium	A354753	7c8579cc	A354753: The sequence is conjectured to be a permutation of the positive integers.	The sequence is conjectured to be a permutation of the positive integers.
medium	A354803	694c41af	A354803: The sequence is conjectured to be a permutation of the positive integers.	The sequence is conjectured to be a permutation of the positive integers.
medium	A357512	0be1be55	For each m at least 2, a finite exceptional prime set P(m) controls an n^4 divisibility supercongruence for the weighted Apery-type sum u(n).	Let m >= 2 and set u(n) = Sum_{k = 0..n} k^(2*m+1) * binomial(n,k)^2 * binomial(n+k,k)^2. We conjecture that there is a finite set of primes P(m) such that u(n-1) == 0 (mod n^4) for all odd numbers n not divisible by an element of P(m). For example, calculation suggests that P(2) = {3} (the present sequence), while conjecturally P(3) = {3, 5}, P(4) = {3, 7}, P(5) = {3, 5}, P(6) = {3, 11}, P(7) = {3, 5, 7, 13}, P(8) = {3}, P(9) = {3} and P(10) = {3, 7, 19}.
medium	A360042	0815ae70	A Farey fan of order n has A005598(n) regions.	The number of vertices along each edge is A005728(n), while the number of regions is conjectured to equal A005598(n) = 1 + Sum_{i=1..n} (n-i+1)*phi(i).
medium	A362676,A363985	388a4138	Both A362676 and A363985 satisfy u(np^r) congruent to u(np^(r-1)) modulo p^(3r) for primes p at least 5.	We conjecture that the present sequence satisfies the same supercongruences.
medium	A362722	832de845	A362722 satisfies the three exact Apéry-type supercongruences listed in the entry.	1) the supercongruence a(p^r) == a(p^(r-1)) (mod p^(2*r+1)) holds for all primes p >= 5. 2) for n >= 2, a(n*p) == a(n) (mod p^2) holds for all primes p >= 3. 3) for r >= 2, the supercongruence a(n*p^r) == a(n*p^(r-1)) (mod p^(2*r)) holds for all primes p >= 3 and n >= 1.
medium	A363409	dcc8da02	A363409: We conjecture that the set of type 2 primes consists of primes p == 1 or 3 (mod 8), i.e., rational primes that split in the field extension Q(sqrt(-2)) of Q.	We conjecture that the set of type 2 primes consists of primes p == 1 or 3 (mod 8), i.e., rational primes that split in the field extension Q(sqrt(-2)) of Q.
medium	A363416	6367d59d	A363416: We conjecture that in this case, unlike in A105750, the set of type 1 primes is empty; that is, every prime p divides some term of this sequence.	We conjecture that in this case, unlike in A105750, the set of type 1 primes is empty; that is, every prime p divides some term of this sequence.
medium	A363416	78c9f8ed	A363416: We conjecture that the set of type 2 primes consists of primes p == 1, 3, 7 or 9 (mod 20), equivalently, rational primes that split in the field extension Q(sqrt(-5)) of Q, together with the prime p = 2.	We conjecture that the set of type 2 primes consists of primes p == 1, 3, 7 or 9 (mod 20), equivalently, rational primes that split in the field extension Q(sqrt(-5)) of Q, together with the prime p = 2.
medium	A363416	cd58469c	A363416: We conjecture that the set of type 3 primes consists of primes p == 11, 13, 17 or 19 (mod 20), equivalently, primes that remain inert in the field extension Q(sqrt(-5)) of Q, together with the prime p = 5, which ramifies in Q(sqrt(-5)).	We conjecture that the set of type 3 primes consists of primes p == 11, 13, 17 or 19 (mod 20), equivalently, primes that remain inert in the field extension Q(sqrt(-5)) of Q, together with the prime p = 5, which ramifies in Q(sqrt(-5)).
medium	A363985	6af6fbc0	For every integer m, both parameterized binomial-sum families u_m and v_m satisfy the preceding p^(3r) Franel-type supercongruences.	More generally, define two families of sequences {u_m(n): n >= 0} and {v_m(n): n >= 0}, depending on an integer parameter m, by u_m(n) = Sum_{k = 0..n} (-4)^(n-k)*binomial(n,k)*binomial(m*n + k,k)*binomial(2*k,k) and v_m(n) = Sum_{k = 0..n} (-4)^(n-k)*binomial(n,k)*binomial(m*n + 2*k,2*k)*binomial(2*k,k). In this notation, the Franel numbers A000172 = v_1. Note that u_0(n) = v_0(n) = (-1)^n*binomial(2*n,n). We conjecture that, for all m in Z, the sequences u_m and v_m satisfy the above supercongruences.
medium	A364303	0c181b47	Every row sequence of A364303 satisfies u(np^r) congruent to u(np^(r-1)) modulo p^(3r) for primes p at least 5.	We conjecture that each row sequence of the table satisfies the same supercongruences.
medium	A364506	54aecbc0	Every row sequence of A364506 satisfies the stated mod-p^(3r) supercongruences.	It is known that both row 0, the central binomial numbers, and row 1, the de Bruijn numbers, satisfy the supercongruences u(n*p^r) == u(n*p^(r-1)) (mod p^(3*r)) for all primes p >= 5 and all positive integers n and r. We conjecture that all the row sequences of the table satisfy the same supercongruences.
medium	A370101	8774d5cd	A370101: We conjecture that the stronger supercongruences a(n*p^r) == a(n*p^(r-1)) ( mod p^(3*r) ) hold for all primes p >= 5 and all positive integers n and r.	We conjecture that the stronger supercongruences a(n*p^r) == a(n*p^(r-1)) ( mod p^(3*r) ) hold for all primes p >= 5 and all positive integers n and r.
medium	A376466	a4e6ec89	A376466 satisfies both displayed Apéry-type supercongruence families.	We conjecture that the present sequence satisfies the same pair of supercongruences.
medium	A377091	05c6fef3	All four explicitly enumerated A377091 conjectures are jointly asserted true.	I conjecture that all four are true.
medium	A380290	d1c3c63e	A380290: We conjecture that a(p) == 1 (mod p^3) for all primes p >= 7 (checked up to p = 61).	We conjecture that a(p) == 1 (mod p^3) for all primes p >= 7 (checked up to p = 61).
medium	A380290	d4f565a6	A380290 satisfies a(n p^r) congruent to a(n p^(r-1)) modulo p^(3r) for every prime p at least 7 and positive n,r.	More generally, we conjecture that the supercongruence a(n*p^r) == a(n*p^(r-1)) (mod p^(3*r)) holds for all primes p >= 7 and positive integers n and r.
medium	A391251	9d832c56	The odd members of A391251 are exactly binary-palindromic odd powers of Mersenne numbers.	The odd terms 1, 3, 7, 15, 27, 31, 63, 127, 255, 511, 1023, 2047, 4095, 8191, ..., are conjectured to be given by binary palindromes (A006995) that are equal to A000225(n)^(2*e-1), for some n, e >= 1.
