S5-CLM-00003486	Arxiv.«0912.2382».curling_number_conjecture	The sequence will eventually reach $1$.	(S₀ : List ℤ) (h : S₀ ≠ []) : ∃ m, k (S S₀ m) = 1
S5-CLM-00003487	CunninghamChain.infinitely_many_firstKind_chains	There are infinitely many first-kind Cunningham chains of every positive exact length.	(k : ℕ) (hk : 0 < k) :     Set.Infinite {p : ℕ | IsFirstKindChainOfLength p k}
S5-CLM-00003488	CunninghamChain.infinitely_many_secondKind_chains	There are infinitely many second-kind Cunningham chains of every positive exact length.	(k : ℕ) (hk : 0 < k) :     Set.Infinite {p : ℕ | IsSecondKindChainOfLength p k}
S5-CLM-00003490	Arxiv.«1601.03081».crystals_components_unique	If $n = ab$ is a crystal, then there are no other pairs of positive integers $c, d > 1$, different from the couple $a, b$, such that $n = cd$ and $B(c, d) ∈ ℕ$, i.e., the components of the crystals are unique.	(n a b c d : ℕ)     (hab : IsCrystalWithComponents n a b) (hcd : IsCrystalWithComponents n c d) :     ({a, b} : Finset ℕ) = {c, d}
S5-CLM-00003494	Arxiv.«1609.08688».maximalLength_le_strong	$F(n) \leq n^{3/2}$.	(n : ℕ) : F n ≤ Real.sqrt n ^ 3
S5-CLM-00003498	Arxiv.«2107.00295».independentDominationEven	**Conjecture 1.6 (Even case).** For a nonempty isolate-free graph $G$ on $n$ vertices, if $D$ is even, then $(D + 2)^2 \cdot i(G) \leq (D^2 + 4) \cdot n$.	(hIso : 0 < G.minDegree) (hEven : Even G.maxDegree) :     let D := G.maxDegree     let i := G.indepDominationNumber     let n := Fintype.card V     (D + 2)^2 * i ≤ (D^2 + 4) * n
S5-CLM-00003499	Arxiv.«2107.00295».independentDominationOdd	**Conjecture 1.6 (Odd case).** For a nonempty isolate-free graph $G$ on $n$ vertices, if $D$ is odd, then $(D + 1)(D + 3) \cdot i(G) \leq (D^2 + 3) \cdot n$.	(hIso : 0 < G.minDegree) (hOdd : Odd G.maxDegree) :     let D := G.maxDegree     let i := G.indepDominationNumber     let n := Fintype.card V     (D + 1) * (D + 3) * i ≤ (D^2 + 3) * n
S5-CLM-00003500	Arxiv.«2107.12475».CollatzLike	For $n > 8$, $2^n$ is not the the sum of distinct powers of $3$. Expressed here in terms of the base $3$ digits of $n$.  This conjecture is equivalent to the halting of a $15$-state $2$-symbol Turing Machine.  TODO(lezeau): Formalize the Turing Machine version of this problem.  Source: *Hardness of Busy Beaver Value BB(15)*: https://link.springer.com/chapter/10.1007/978-3-031-72621-7_9 This is also https://arxiv.org/abs/2107.12475.	(n : ℕ) (hn : 8 < n) : 2 ∈ Nat.digits 3 (2^n)
S5-CLM-00003501	Arxiv.«2208.14736».zariski_cancellation_problem	The **Zariski Cancellation Problem**: every polynomial ring over a field `k` of characteristic `0` is cancellative.	{k : Type*} [Field k]     [CharZero k] {ι : Type*} [Fintype ι] : IsCancellative k (MvPolynomial ι k)
S5-CLM-00003505	Arxiv.id2303_01089.conjecture_1_3	**Conjecture 1.3** (the $\times p, \times q$ conjecture): the only atomless Borel probability measure on $\mathbb{T}$ which is both $T_p$- and $T_q$-invariant is the Lebesgue measure.	{p q : ℕ} (hp : 2 <= p) (hq : 2 <= q) (hpq : MultiplicativelyIndependent p q)     {μ : Measure 𝕋} [IsProbabilityMeasure μ] [MeasureTheory.IsAtomLess μ]     (hmup : MeasurePreserving (Tn p) μ μ)     (hmuq : MeasurePreserving (Tn q) μ μ) :     μ = volume
S5-CLM-00003507	Arxiv.«2501.03234».conjecture_1_1	**Conjecture 1.1**: For any odd prime $k$, the sum associated with the classical theta function $θ_3$, $S(k)$ is positive.	(k : ℕ) (hprim : k.Prime) (hodd : Odd k) : 0 < S k
S5-CLM-00003508	Arxiv.«2501.03234».conjecture_4_1	**Conjecture 4.1**: For any prime $k$ larger than $5$, $S(k) > k$.	(k : ℕ) (hprim : k.Prime) (hodd : Odd k) (hgt : k > 5) : k < S k
S5-CLM-00003509	Arxiv.«2501.03234».conjecture_4_2	**Conjecture 4.2**: For any prime $k$ larger than $233$, $S(k) > 2k$.	(k : ℕ) (hprim : k.Prime) (hodd : Odd k) (hgt : k > 233) : 2 * k < S k
S5-CLM-00003510	Arxiv.«2501.03234».conjecture_4_3	**Conjecture 4.3**: For any prime $k$ larger than $3119$, $S(k) > 3k$.	(k : ℕ) (hprim : k.Prime) (hodd : Odd k) (hgt : k > 3119) : 3 * k < S k
S5-CLM-00003511	Arxiv.«2501.03234».conjecture_4_4	**Conjecture 4.4**: Given a natural number $n ∈ ℕ$, for all large enough odd prime $k$ (depending on $n$), $nk < S(k)$.	(n : ℕ) : ∀ᶠ (k : ℕ) in Filter.atTop, k.Prime → Odd k → n * k < S k
S5-CLM-00003512	Margulis.conjecture_1_1	Let `D` be the diagonal group of `SL_n(ℝ)` where n ≥ 3. Then any relatively compact `D`-orbit in `SL_n(ℝ) / SL_n(ℤ)` is closed.	{n : ℕ} (hn : 3 ≤ n)     (g : SL(n, ℝ) ⧸ Subgroup.map (map (Int.castRingHom ℝ)) ⊤)     (hg : IsCompact <| closure (MulAction.orbit (diagonalSubgroup (Fin n) ℝ) g)) :     IsClosed <| MulAction.orbit (diagonalSubgroup (Fin n) ℝ) g
S5-CLM-00003518	Arxiv.«2605.12342».conjecture_1	**Conjecture 1 (Fernandes, 2026):** Let $m \ge n \ge 2$ be integers with $(m, n) \notin \{(2,2), (3,3), (4,3), (4,4)\}$. Then the group $$ \Gamma_{m \oplus n} = \{(\sigma_1, \sigma_2) \in \mathrm{S}_m \times \mathrm{S}_n :   \mathrm{sgn}(\sigma_1) = \mathrm{sgn}(\sigma_2)\} $$ has rank $2$, i.e., minimal generating set of size $2$.  Note: Fernandes states the conjecture for groups of exact rank $2$, which is why $(2,2)$ is in the exception list: $\Gamma_{2 \oplus 2} \cong C_2$ has rank $1$. The formalised conclusion `∃ g₁ g₂, closure {g₁, g₂} = ⊤` encodes 2-generation (at most $2$ generators), which $\Gamma_{2 \oplus 2}$ also satisfies. The other three exceptions $(3,3), (4,3), (4,4)$ have rank $3$ and are genuinely not 2-generated.	{m n : ℕ} (hm2 : 2 ≤ m) (hn2 : 2 ≤ n) (hmn : n ≤ m)     (h_except : (m, n) ∉ ({(2, 2), (3, 3), (4, 3), (4, 4)} : Set (ℕ × ℕ))) :     ∃ g₁ g₂ : gammaSubgroup m n, Subgroup.closure {g₁, g₂} = ⊤
S5-CLM-00003530	Bugeaud01.problem_10_2	Problem 10.2. To prove that $\lVert e^n \rVert$ does not tend to 0 as n tends to infinity.	:     ¬ Filter.Tendsto (fun n : ℕ ↦ distToNearestInt (Real.exp n)) Filter.atTop (nhds 0)
S5-CLM-00003531	Bugeaud01.problem_10_3	Problem 10.3. To prove that there exists a positive real number~$c$ such that $\lVert e^n \rVert > e^{−cn}$, for every~$n \ge 1$. Posed by Mahler [Mah53].	:     ∃ c : ℝ, 0 < c ∧ ∀ n : ℕ, 1 ≤ n → Real.exp (-c * n) < distToNearestInt (Real.exp n)
S5-CLM-00003532	Bugeaud01.waldschmidt	Waldschmidt [Wal03] conjectured that a stronger result holds, namely that there exists a positive real number~$c$ such that $\lVert e^n \rVert > n^{-c}$ for every~$n \ge 2$. This is supported by metrical results [Kok45].  Note: the bound $n^{-c}$ equals $1$ when $n = 1$ for all $c$, while the distance to the nearest integer is always at most $1/2$, so the conjecture must start at $n \ge 2$.	:     ∃ c : ℝ, 0 < c ∧ ∀ n : ℕ, 2 ≤ n → (n : ℝ) ^ (-c) < distToNearestInt (Real.exp n)
S5-CLM-00003533	Bugeaud05.problem_10_5	Problem 10.5 (first part). Let $\mathbb{K}$ be a real number field. Then, for any $\varepsilon > 0$, there exists a lacunary sequence $(t_n)_{n \ge 1}$ of positive numbers in $\mathbb{K}$ such that $$\limsup_{n \to \infty} \{\xi t_n\} \ge 1 - \varepsilon,$$ for any real number $\xi$ not in $\mathbb{K}$.	(K : IntermediateField ℚ ℝ) [FiniteDimensional ℚ K]     {ε : ℝ} (hε : 0 < ε) :     ∃ t : ℕ → K, (∀ n, 0 < (t n : ℝ)) ∧       IsLacunaryReal (fun k => (t k : ℝ)) ∧       ∀ ξ : ℝ, ξ ∉ K →         (1 - ε) ≤ limsup (fun n => Int.fract (ξ * (t n : ℝ))) atTop
S5-CLM-00003534	Bugeaud05.problem_10_5_moreover	Problem 10.5 ("moreover" clause). With the same hypotheses as `problem_10_5`, the sequence $(t_n)$ can be chosen so that, for any real $\xi$ not in $\mathbb{K}$, each subinterval of $[0, 1]$ of length $\varepsilon$ contains a limit point of the sequence $(\{\xi t_n\})_{n \ge 1}$. This is strictly stronger than `problem_10_5`: the limsup bound is the special case at the subinterval $[1 - \varepsilon, 1]$.	(K : IntermediateField ℚ ℝ) [FiniteDimensional ℚ K]     {ε : ℝ} (hε : 0 < ε) :     ∃ t : ℕ → K, (∀ n, 0 < (t n : ℝ)) ∧       IsLacunaryReal (fun k => (t k : ℝ)) ∧       ∀ ξ : ℝ, ξ ∉ K → ∀ a, a ∈ Set.Icc (0 : ℝ) (1 - ε) →         ∃ y ∈ Set.Icc a (a + ε),           MapClusterPt y atTop (fun n => Int.fract (ξ * (t n : ℝ)))
S5-CLM-00003538	Bugeaud06.problem_10_6_variant_1	Problem 10.6. Find a very rapidly increasing sequence $(m_n)_{n \ge 1}$ of positive integers such that $(\{\xi m_n\})_{n \ge 1}$ is dense modulo one for every irrational number $\xi$. Note: Furstenberg's $2^m3^n$ is sublacunary but requires two parameters.	:     ∃ m : ℕ → ℕ,     StrictMono m ∧     IsGenuinelySublacunary m ∧     ∀ ξ : ℝ, Irrational ξ →       Dense (Set.range fun n => (↑(ξ * m n) : AddCircle (1 : ℝ)))
S5-CLM-00003539	Bugeaud06.problem_10_6_variant_2	Problem 10.6, intermediate-growth variant.	:     ∃ m : ℕ → ℕ,     StrictMono m ∧     (∃ α : ℝ, 0 < α ∧ α < 1 ∧ HasIntermediateGrowth α m) ∧     ∀ ξ : ℝ, Irrational ξ →       Dense (Set.range fun n => (↑(ξ * m n) : AddCircle (1 : ℝ)))
S5-CLM-00003541	Bugeaud08.problem_10_8	Problem 10.8 ($p$-adic Littlewood conjecture). For every real number $\xi$ and every prime number $p$, $$\inf_{q \ge 1} q \cdot \lVert q \xi \rVert \cdot |q|_p = 0,$$ where $\lVert \cdot \rVert$ denotes the distance to the nearest integer and $|\cdot|_p$ denotes the $p$-adic absolute value. Posed by de Mathan and Teulié [dMT04].	(ξ : ℝ) (p : ℕ) (hp : p.Prime) :     sInf {x : ℝ | ∃ q : ℕ, 1 ≤ q ∧       x = q * padicNorm p q * distToNearestInt (q * ξ)} = 0
S5-CLM-00003546	Equidistribution.isEquidistributedModuloOne_three_halves_pow	The sequence `(3/2)^n` is equidistributed modulo `1`.	:     IsEquidistributedModuloOne (fun n => (3 / 2 : ℝ)^n)
S5-CLM-00003547	Equidistribution.isEquidistributedModuloOne_transcendental_three_halves_pow	For any transcendental number `x`, the sequence `x * (3 / 2) ^ n` is equidistributed modulo 1.	(x : ℝ)     (hx : Transcendental ℚ x) :     IsEquidistributedModuloOne (fun n ↦ x * (3 / 2 : ℝ) ^ n)
S5-CLM-00003548	Erdos1.erdos_1	If $A\subseteq\{1, ..., N\}$ with $|A| = n$ is such that the subset sums $\sum_{a\in S}a$ are distinct for all $S\subseteq A$ then $$   N \gg 2 ^ n. $$	: ∃ C > (0 : ℝ), ∀ (N : ℕ) (A : Finset ℕ) (_ : IsSumDistinctSet A N),     N ≠ 0 → C * 2 ^ A.card < N
S5-CLM-00003550	Erdos1.erdos_1.variants.real	A generalisation of the problem to sets $A \subseteq (0, N]$ of real numbers, such that the subset sums all differ by at least $1$ is proposed in [Er73] and [ErGr80].  [Er73] Erdős, P., _Problems and results on combinatorial number theory_. A survey of combinatorial theory (Proc. Internat. Sympos., Colorado State Univ., Fort Collins, Colo., 1971) (1973), 117-138.  [ErGr80] Erdős, P. and Graham, R., _Old and new problems and results in combinatorial number theory_. Monographies de L'Enseignement Mathematique (1980).	: ∃ C > (0 : ℝ), ∀ (N : ℕ) (A : Finset ℝ)     (_ : IsSumDistinctRealSet A N), N ≠ 0 → C * 2 ^ A.card < N
S5-CLM-00003552	Erdos10.erdos_10.variants.granville_soundararajan_odd	Granville and Soundararajan [GrSo98] have conjectured that at most $3$ powers of $2$ suffice for all odd integers, and hence at most $4$ powers of $2$ suffice for all even integers.  Ref: Granville, A. and Soundararajan, K., _A Binary Additive Problem of Erdős and the Order of $2$ mod $p^2$_	:     {n : ℕ | Odd n ∧ 1 < n} ⊆ sumPrimeAndTwoPows 3 ∧       {n : ℕ | Even n ∧ n ≠ 0} ⊆ sumPrimeAndTwoPows 4
S5-CLM-00003553	Erdos10.erdos_10.variants.grechuk	Bogdan Grechuk has observed that $1117175146$ is not the sum of a prime and at most $3$ powers of $2$, and pointed out that parity considerations, coupled with the fact that there are many integers not the sum of a prime and $2$ powers of $2$ suggest that there exist infinitely many even integers which are not the sum of a prime and at most $3$ powers of $2$).	:     Set.Infinite <| {n : ℕ | Even n} \ sumPrimeAndTwoPows 3
S5-CLM-00003557	Erdos100.erdos_100.variants.strong	Stronger conjecture: diameter $\geq n - 1$ for sufficiently large $n$.	:     ∀ᶠ n in atTop, ∀ A : Finset ℝ²,       A.card = n →       DistancesSeparated A →       diam (A : Set ℝ²) ≥ n - 1
S5-CLM-00003566	Erdos101.erdos_101	Given $n$ points in $\mathbb{R}^2$, no five of which are on a line, the number of lines containing four points is $o(n^2)$.	: (fun n => (numLinesWithFourPointMax n : ℝ)) =o[atTop] (fun n => (n : ℝ)^2)
S5-CLM-00003592	Erdos1041.erdos_1041	Let $$ f(z) = \prod_{i=1}^{n} (z - z_i) \in \mathbb{C}[x] $$ with $|z_i| < 1$ for all $i$.  Conjecture: Must there always exist a path of length less than 2 in $$ \{ z \in \mathbb{C} \mid |f(z)| < 1 \} $$ which connects two of the roots of $f$?	:     ∃ (z₁ z₂ : ℂ) (h : ({z₁, z₂} : Multiset ℂ) ≤ f.roots) (γ : Path z₁ z₂),       Set.range γ ⊆ { z : ℂ | ‖f.eval z‖ < 1 } ∧ length (Set.range γ) < 2
S5-CLM-00003597	Erdos1044.erdos_1044.variants.fixed_degree	Tang also suggests that, if the degree $n$ is fixed, then the infimum over all such $f$ of degree $n$ is attained by $f_n(z)=z^n-1$.	(n : ℕ) (hn : 0 < n) :     IsLeast {L : ℝ≥0∞ | ∃ f : ℂ[X], IsAdmissible f ∧ f.natDegree = n ∧ maxBoundaryLength f = L}       (maxBoundaryLength (X ^ n - 1))
S5-CLM-00003621	Erdos1055.erdos_1055	A prime $p$ is in class $1$ if the only prime divisors of $p+1$ are $2$ or $3$. In general, a prime $p$ is in class $r$ if every prime factor of $p+1$ is in some class $\leq r-1$, with equality for at least one prime factor. Are there infinitely many primes in each class?	(r) : {p | p.Prime ∧ IsOfClass r p}.Infinite
S5-CLM-00003622	Erdos1055.erdos_1055.variants.erdos_limit	A prime $p$ is in class $1$ if the only prime divisors of $p+1$ are $2$ or $3$. In general, a prime $p$ is in class $r$ if every prime factor of $p+1$ is in some class $\leq r-1$, with equality for at least one prime factor. If $p_r$ is the least prime in class $r$, then how does $p_r^{1/r}$ behave? Erdos conjectured that this tends to infinity.	:     Filter.atTop.Tendsto (fun r ↦ (p r : ℝ) ^ (1 / r : ℝ)) Filter.atTop
S5-CLM-00003623	Erdos1055.erdos_1055.variants.selfridge_limit	A prime $p$ is in class $1$ if the only prime divisors of $p+1$ are $2$ or $3$. In general, a prime $p$ is in class $r$ if every prime factor of $p+1$ is in some class $\leq r-1$, with equality for at least one prime factor. If $p_r$ is the least prime in class $r$, then how does $p_r^{1/r}$ behave? Selfridge conjectured that this is bounded.	:     ∃ M, ∀ r, (p r : ℝ) ^ (1 / r : ℝ) ≤ M
S5-CLM-00003630	Erdos1060.erdos_1060.parts.i	The conjecture is about the function $f(n)$ which counts the number of solutions to $k\sigma(k)=n$, where $\sigma(k)$ is the sum of divisors of $k$. The first bound is that $f(n)$ grows slower than any power of $n^(\frac{1}{\log\log n})$. The second bound is that $f(n)$ is at most a power of $\log n$.	:     ∃ h : ℕ → ℝ,       h =o[atTop] (fun n ↦ 1 / log (log n)) ∧ ∀ᶠ n in atTop, #{k ≤ n | k * σ 1 k = n} ≤ (n : ℝ) ^ h n
S5-CLM-00003631	Erdos1060.erdos_1060.parts.ii	Part (ii) of Erdős Problem 1060: bound on the number of $k \le n$ with $k \sigma_1(k) = n$.	:     ∃ (C : ℝ), (fun n ↦ (#{k ≤ n | k * σ 1 k = n} : ℝ)) =O[atTop]       (fun n ↦ log n ^ C)
S5-CLM-00003648	Erdos1072.erdos_1072.variants.littleo	Erdős, Hardy, and Subbarao [HaSu02], believed that the number of $p \le x$ for which $f(p)=p−1$ is $o(x/\log x)$.  [HaSu02] Hardy, G. E. and Subbarao, M. V., _A modified problem of Pillai and some related questions._ Amer. Math. Monthly (2002), 554--559.	:     (fun x ↦ (({p | p.Prime ∧ f p = p - 1} ∩ Icc 0 x).ncard : ℝ)) =o[atTop]       (fun x ↦ x / Real.log x)
S5-CLM-00003652	Erdos1074.erdos_1074.variants.EHSNumbers_one_half	Regarding the first question, Hardy and Subbarao computed all EHS numbers up to $2^{10}$, and write "...if this trend conditions we expect [the limit] to be around 0.5, if it exists."	: EHSNumbers.HasDensity (1 / 2)
S5-CLM-00003658	Erdos1084.erdos_1084.variants.triangular_optimal_d2	Erdős conjectured that the triangular lattice is best possible in 2D, in particular that $f_2(3n^2 + 3n + 1) < 9n^2 + 3n$.  Note: in [Er75f] is read $9n^2 + 6n$, but this seems to be a typo.	: f 2 (3 * n ^ 2 + 3 * n + 1) = 9 * n ^ 2 + 3 * n
S5-CLM-00003673	Erdos1093.erdos_1093.parts.ii	Are there only finitely many binomial coefficients with deficiency > 1?	:     {x : ℕ × ℕ | let k := x.1; let n := x.2; 2 * k ≤ n ∧ deficiency n k > 1 ∧       ∀ p, p.Prime → (p ∣ choose n k) → k < p}.Finite
S5-CLM-00003674	Erdos1094.erdos_1094	For all $n\ge 2k$ the least prime factor of $\binom{n}{k}$ is $\le\max(n/k,k)$, with only finitely many exceptions.	:     {(n, k) : ℕ × ℕ | 0 < k ∧ 2 * k ≤ n ∧ (n.choose k).minFac > max (n / k) k}.Finite
S5-CLM-00003675	Erdos1095.erdos_1095.variants.log_equivalent	Sorenson, Sorenson, and Webster [SSWE20] give heuristic evidence that $\log g(k) \asymp \frac{k}{\log k}$.	: (fun k ↦ log (g k)) ~[atTop] (fun k ↦ k / log k)
S5-CLM-00003676	Erdos1095.erdos_1095.variants.lower_conjecture	Erdős, Lacampagne, and Selfridge [ELS93] write 'it is clear to every right-thinking person' that $g(k)\geq\exp(c\frac{k}{\log k})$ for some constant $c>0$.	: ∃ c > 0, ∀ᶠ k in atTop, g k ≥ exp (c * k / log k)
S5-CLM-00003678	Erdos1095.erdos_1095.variants.upper_conjecture	Ecklund, Erdős, and Selfridge [EES74] conjectured $g(k)\leq \exp((1+o(1))k)$.	:     ∃ f : ℕ → ℝ, Tendsto f atTop (𝓝 0) ∧ ∀ᶠ k in atTop, g k ≤ exp (k * (1 + f k))
S5-CLM-00003682	Erdos11.erdos_11	Is every odd $n > 1$ the sum of a squarefree number and a power of 2?	(n : ℕ) (hn : Odd n) (hn' : 1 < n) :     ∃ k l : ℕ, Squarefree k ∧ n = k + 2 ^ l
S5-CLM-00003684	Erdos11.erdos_11.variants.not_four_dvd	Erdős often asked this under the weaker assumption that $n > 1$ is not divisible by 4.	(n : ℕ) (hn : ¬ 4 ∣ n) (hn' : 1 < n) :     ∃ k l : ℕ , Squarefree k ∧ n = k + 2^l
S5-CLM-00003685	Erdos11.erdos_11.variants.two_pow_two	Is every odd $n > 1$ the sum of a squarefree number and two powers of 2?	(n : ℕ) (hn : Odd n) (hn' : 1 < n) :     ∃ k l m : ℕ , Squarefree k ∧ n = k + 2^l + 2^m
S5-CLM-00003686	Erdos1101.erdos_1101.parts.i	1. There is NO good sequence with polynomial growth.	:     ¬ ∃ u, IsGood u ∧ ∃ k : ℕ, (fun n => (u n : ℝ)) =O[atTop] (fun n => (n : ℝ) ^ k)
S5-CLM-00003687	Erdos1101.erdos_1101.parts.ii	2. There is a good sequence with sub-exponential growth.	:     ∃ u, IsGood u ∧ (fun n => Real.log (u n : ℝ)) =o[atTop] (fun n => (n : ℝ))
S5-CLM-00003693	Erdos1107.erdos_1107	Let $r \ge 2$. Is every large integer the sum of at most $r + 1$ many $r$-powerful numbers?	: ∀ r ≥ 2, ∀ᶠ n in atTop, SumOfRPowerful r n
S5-CLM-00003704	Erdos1113.erdos_1113.variants.filaseta_finch_kozek	**Filaseta–Finch–Kozek conjecture (2008).** Every Sierpiński number is either a perfect power or possesses a finite covering set of primes.	:     ∀ k, k.IsSierpinskiNumber →       k.IsPerfectPower ∨ HasFinitePrimeCoveringSet k
S5-CLM-00003727	Erdos1167.erdos_1167.variants.binary_colors	**Binary-color case.** The $\gamma = 2$ specialization (two color classes).	(r : ℕ) (hr : 2 ≤ r) (lam : Cardinal.{u}) (hlam : ℵ₀ ≤ lam)     (κ : (2 : Ordinal.{u}).ToType → Cardinal.{u}) :     cardinalPartitionRel ((2 : Cardinal.{u}) ^ lam) (r + 1) 2 (fun α => κ α + 1) →     cardinalPartitionRel lam r 2 κ
S5-CLM-00003728	Erdos1167.erdos_1167.variants.finite_targets	**Finite-target case.** When all $\kappa_\alpha$ are finite, $\kappa_\alpha + 1$ is the ordinary natural-number successor. Special case of `erdos_1167`.	(r : ℕ) (hr : 2 ≤ r) (lam : Cardinal.{u}) (hlam : ℵ₀ ≤ lam)     (γ : Ordinal.{u}) (hγ : 2 ≤ γ) (n : γ.ToType → ℕ) :     cardinalPartitionRel ((2 : Cardinal.{u}) ^ lam) (r + 1) γ         (fun α => (n α : Cardinal.{u}) + 1) →     cardinalPartitionRel lam r γ (fun α => (n α : Cardinal.{u}))
S5-CLM-00003729	Erdos1167.erdos_1167.variants.infinite_targets	**Infinite-target case.** When all $\kappa_\alpha \geq \aleph_0$ are infinite and bounded by $\lambda$, $\kappa_\alpha + 1 = \kappa_\alpha$, so the hypothesis simplifies to a "pure" stepping-down lemma: $$2^\lambda \to (\kappa_\alpha)_{\alpha<\gamma}^{r+1} \implies    \lambda \to (\kappa_\alpha)_{\alpha<\gamma}^r.$$ The condition $\kappa_\alpha \leq \lambda$ is needed to avoid a size obstruction: without it, the conclusion would require a subset of $\lambda$ of size $\kappa_\alpha > \lambda$, which is impossible (see `infinite_targets_needs_bound`).	(r : ℕ) (hr : 2 ≤ r) (lam : Cardinal.{u}) (hlam : ℵ₀ ≤ lam)     (γ : Ordinal.{u}) (hγ : 2 ≤ γ) (κ : γ.ToType → Cardinal.{u}) (hκ : ∀ i, ℵ₀ ≤ κ i)     (hκ_le : ∀ i, κ i ≤ lam) :     cardinalPartitionRel ((2 : Cardinal.{u}) ^ lam) (r + 1) γ κ →     cardinalPartitionRel lam r γ κ
S5-CLM-00003730	Erdos1167.erdos_1167.variants.r_eq_two	**$r = 2$ case.** The stepping-down from 3-uniform to 2-uniform partition relations: $2^\lambda \to (\kappa_\alpha + 1)_{\alpha<\gamma}^3$ implies $\lambda \to (\kappa_\alpha)_{\alpha<\gamma}^2$. Generalises the classical Erdős–Rado stepping-up/down theorem for pairs.	(lam : Cardinal.{u}) (hlam : ℵ₀ ≤ lam)     (γ : Ordinal.{u}) (hγ : 2 ≤ γ) (κ : γ.ToType → Cardinal.{u}) :     cardinalPartitionRel ((2 : Cardinal.{u}) ^ lam) 3 γ (fun α => κ α + 1) →     cardinalPartitionRel lam 2 γ κ
S5-CLM-00003768	Erdos126.erdos_126.variants.isLittleO	Erdős says that $f(n) = o(\frac{n}{\log n})$ has never been proved.	(f : ℕ → ℕ)     (hf : IsMaximalAddFactorsCard f) :     (fun (n : ℕ) => (f n : ℝ)) =o[atTop] (fun (n : ℕ) => n / Real.log n)
S5-CLM-00003772	Erdos137.erdos_137.variants.multiple_powerful_factors	Erdős [Er82c] conjectures that, if $k$ is fixed, then for all $n$ sufficiently large and all positive integers $m$, there must be at least $k$ distinct primes $p$ such that $p\mid m(m+1)\cdots (m+n)$ and yet $p^2$ does not divide the right hand side.  [Er82c] Erdős, Paul, "Miscellaneous problems in number theory". Congr. Numer. (1982), 25-45.,	(k : ℕ) : ∀ᶠ n in Filter.atTop,     ∀ (m : ℕ) (hm : 0 < m),     letI N := ∏ x ∈ Finset.Ioc m (m + n), x     ∃ P : Finset ℕ, P.card = k ∧ ∀ p ∈ P, p.Prime ∧     p ∣ N ∧ ¬ p ^ 2 ∣ N
S5-CLM-00003785	Erdos142.erdos_142.variants.lower	Show that $r_k(N) = o_k(N / \log N)$, where $r_k(N)$ the largest possible size of a subset of $\{1, \dots, N\}$ that does not contain any non-trivial $k$-term arithmetic progression.	(k : ℕ) (hk : 1 < k) :     (fun N => (r k N : ℝ)) =o[atTop] (fun N : ℕ => N / (N : ℝ).log)
S5-CLM-00003787	Erdos143.erdos_143.parts.ii	Or $$ \sum_{x \in A} \frac{1}{x \log x} < \infty, $$	(A : Set ℝ) (h : WellSeparatedSet A) :     Summable fun (x : A) ↦ 1 / (x * Real.log x)
S5-CLM-00003816	Erdos184.erdos_184	Any graph on $n$ vertices can be decomposed into $O(n)$ many edge-disjoint cycles and edges.	:     ∃ f : ℕ → ℝ,       (f =O[atTop] fun n : ℕ ↦ (n : ℝ)) ∧       ∀ {V : Type*} [Fintype V] [DecidableEq V] (G : SimpleGraph V),       ∃ (D : Finset G.Subgraph),         (∀ H ∈ D, IsCycleOrEdge H.coe) ∧         IsDecomposition G D ∧         (D.card : ℝ) ≤ f (Fintype.card V)
S5-CLM-00003823	Erdos189.erdos_189.variants.parallelogram	Seems to be open, as of January 2025.	:     ¬ Erdos189For       (fun a b c d ↦         line[ℝ, a, b] ∥ line[ℝ, c, d] ∧         line[ℝ, a, d] ∥ line[ℝ, b, c])       (fun a b c d ↦ dist a b * dist b c * (∡ a b c).sin)
S5-CLM-00003844	Erdos208.erdos_208.variants.log_bound	In [Er79] Erdős says perhaps $s_{n+1} - s_n \ll \log s_n$, but he is 'very doubtful'.  [Er79] Erdős, Paul, __Some unconventional problems in number theory__. Math. Mag. (1979), 67-70.	:     (fun n ↦ (s (n + 1) - s n : ℝ)) =O[atTop] fun n ↦ log (s n)
S5-CLM-00003855	Erdos218.erdos_218.variants.ge	The set of indices $n$ for which a prime gap is preceded by a larger or equal prime gap has a natural density of $\frac 1 2$.	: {n | primeGap (n + 1) ≤ primeGap n}.HasDensity <| 1 / 2
S5-CLM-00003856	Erdos218.erdos_218.variants.infinite_equal_prime_gap	There are infinitely many indices $n$ such that the prime gap at $n$ is equal to the prime gap at $n+1$. This is equivalent to the existence of infinitely many arithmetic progressions of length $3$, see `erdos_141.variants.infinite_three`.	: {n | primeGap n = primeGap (n + 1)}.Infinite
S5-CLM-00003857	Erdos218.erdos_218.variants.le	The set of indices $n$ for which a prime gap is followed by a larger or equal prime gap has a natural density of $\frac 1 2$.	: {n | primeGap n ≤ primeGap (n + 1)}.HasDensity <| 1 / 2
S5-CLM-00003868	Erdos233.erdos_233	A conjecture by Heath-Brown: The sum of squares of the first $N$ gaps between consecutive primes behaves like $N * (log N)^2$.	:     (fun N => ((∑ n ∈ Finset.range N, (primeGap n) ^ 2) : ℝ)) =O[atTop] fun N => N * (log N)^2
S5-CLM-00003870	Erdos236.erdos_236	Let $f(n)$ count the number of solutions to $n=p+2^k$ for prime $p$ and $k\geq 0$. Show that $f(n)=o(\log n)$.	: (fun n => (f n : ℝ)) =o[atTop] (fun n => Real.log (n : ℝ))
S5-CLM-00003872	Erdos241.erdos_241.variants.generalization	More generally, Bose and Chowla [BoCh62] conjectured that the maximum size of $A\subseteq \{1,\ldots,N\}$ with all $r$-fold sums distinct (aside from the trivial coincidences) then $\lvert A\rvert \sim N^{1/r}.$	(r : ℕ) (hr : r ≥ 2) :  BoseChowlaConjecture r
S5-CLM-00003875	Erdos242.erdos_242	For every $n>2$ there exist distinct integers $1 ≤ x < y < z$ such that $\frac 4 n = \frac 1 x + \frac 1 y + \frac 1 z$.	(n : ℕ) (hn : 2 < n) :     ∃ x y z : ℕ, 1 ≤ x ∧ x < y ∧ y < z ∧       (4 / n : ℚ) = 1 / x + 1 / y + 1 / z
S5-CLM-00003876	Erdos242.erdos_242.variants.schinzel_generalization	Schinzel conjectured (see [Si56]) the generalisation that, for any fixed $a$, if $n$ is sufficiently large in terms of $a$ then there exist distinct integers $1\leq x < y < z$ such that $\frac{a}{n} = \frac{1}{x}+\frac{1}{y}+\frac{1}{z}.$	(a : ℕ) (ha : 0 < a) :     ∀ᶠ (n : ℕ) in Filter.atTop, ∃ x y z : ℕ, 1 ≤ x ∧ x < y ∧ y < z ∧       (a / n : ℚ) = 1 / x + 1 / y + 1 / z
S5-CLM-00003877	Erdos243.erdos_243	Let $a_1 < a_2 < \dots$ be a sequence of integers such that $\lim_{n\to\infty} \frac{a_n}{a_{n-1}^2} = 1$ and $\sum \frac{1}{a_n} \in \mathbb{Q}$.  Then, for all sufficiently large $n \ge 1$, $a_n = a_{n-1}^2 - a_{n-1} + 1$.	(a : ℕ → ℕ) (ha₀ : StrictMono a)     (ha₁ : Tendsto (fun n ↦ (a n : ℝ) / a (n - 1) ^ 2) atTop (𝓝 1))     (ha₂ : Summable ((1 : ℚ) / a ·)) :       ∀ᶠ n in atTop, a n = a (n - 1) ^ 2 - a (n - 1) + 1
S5-CLM-00003908	Erdos272.erdos_272.variants.szabo_strong	Szabo asks whether the maximal $t$ is given by $$   \frac{N^2}{2} + O(N) $$	:     (fun N ↦ (maxArithInterCard N - N ^ 2 / 2 : ℝ)) =O[atTop] fun N : ℕ ↦ (N : ℝ)
S5-CLM-00003912	Erdos274.herzog_schonheim	Let $G$ be a group, and let $A = \{a_1G_1, \dots, a_kG_k\}$ be a finite system of left cosets of subgroups $G_1, \dots, G_k$ of $G$.  Herzog and Schönheim conjectured that if $A$ forms a partition of $G$ with $k > 1$, then the indices $[G:G_1], \dots, [G:G_k]$ cannot be distinct.	{G : Type*} [Group G] (hG : 1 < ENat.card G) {ι : Type*} [Fintype ι]     (hι : 1 < Fintype.card ι) (P : Group.ExactCovering G ι) :     ∃ i j, i ≠ j ∧ (P.parts i).index = (P.parts j).index
S5-CLM-00003914	Erdos28.erdos_28	If $A ⊆ \mathbb{N}$ is such that $A + A$ contains all but finitely many integers then  $\limsup 1_A ∗ 1_A(n) = \infty$.	(A : Set ℕ) (h : (A + A)ᶜ.Finite) :     limsup (fun (n : ℕ) => (sumRep A n : ℕ∞)) atTop = (⊤ : ℕ∞)
S5-CLM-00003915	Erdos282.erdos_282	Let $A\subseteq \mathbb{N}$ be an infinite set and consider the following greedy algorithm for a rational $x\in (0,1)$: choose the minimal $n\in A$ such that $n\geq 1/x$ and repeat with $x$ replaced by $x-\frac{1}{n}$. If this terminates after finitely many steps then this produces a representation of $x$ as the sum of distinct unit fractions with denominators from $A$.  Does this process always terminate if $x$ has odd denominator and $A$ is the set of odd numbers?	{x : ℚ} (hx : x ∈ Set.Ioo 0 1) (hx_den : Odd x.den) :     greedyUnitFractionRem { n | Odd n } x =ᶠ[atTop] 0
S5-CLM-00003928	Erdos291.erdos_291.variants.shiu_heuristic_asymptotic	This leads to a heuristic prediction (see for example a preprint of Shiu [Sh16]) of $\asymp\frac{x}{\log x}$ for the number of $n\in [1,x]$ such that $(a_n,L_n)=1$.	:     Asymptotics.IsTheta atTop       (fun x : ℕ ↦ ((((Finset.Icc 1 x).filter (fun n ↦ Nat.gcd (a n) (L n) = 1)).card : ℝ)))       (fun x : ℕ ↦ (x : ℝ) / Real.log x)
S5-CLM-00003929	Erdos291.erdos_291.variants.shiu_heuristic_density_zero	In particular, there should be infinitely many $n$, but the set of such $n$ should have density zero. Unfortunately this heuristic is difficult to turn into a proof.	:     Filter.Tendsto (fun N : ℕ ↦       ((((Finset.Icc 1 N).filter (fun n ↦ Nat.gcd (a n) (L n) = 1)).card : ℝ) / (N : ℝ)))       atTop (nhds 0)
S5-CLM-00003945	Erdos313.erdos_313.variants.primary_pseudoperfect_are_infinite	It is conjectured that the set of primary pseudoperfect numbers is infinite.	:     Set.Infinite {n | IsPrimaryPseudoperfect n}
S5-CLM-00003966	Erdos324.erdos_324.variants.quintic	Probably $f(x) = x^5$ has the property that the sums $f(a)+f(b)$ with $a < b$ nonnegative integers are distinct.	: {(a, b) : ℕ × ℕ | a < b}.InjOn fun (a, b) => a ^ 5 + b ^ 5
S5-CLM-00003972	Erdos329.erdos_329.variants.converse_implication	The converse: if the maximum density is 1, then any finite Sidon set can be embedded in a perfect difference set modulo $n > 0$.  Since the consequent is false (due to the counterexamples in [Ha47] and [AlMi25]), this implication is logically equivalent to the statement that the maximum upper density of Sidon sets is NOT 1. Because the maximum upper density problem is still open, the truth value of this implication is also an open research problem.	:     (sSup {sidonUpperDensity A | (A : Set ℕ) (_ : IsSidon A)} = 1) →     (∀ (A : Finset ℕ), IsSidon (A : Set ℕ) → ∃ (D : Set ℕ) (n : ℕ) (_ : n > 0),       ↑A ⊆ D ∧ IsPerfectDifferenceSet D n)
S5-CLM-00003979	Erdos337.erdos_337.variants.ruzsa_turjanyi	Ruzsa and Turjányi do prove (under the same hypotheses) that $$ \lim_{N\to \infty}\frac{\lvert (A+A+A)\cap \{1,\ldots,3N\}\rvert} {\lvert A\cap \{1,\ldots,N\}\rvert}=\infty, $$ and conjecture that the same should be true with $(A+A)\cap \{1,\ldots,2N\}$ in the numerator.	:     ∀ A : Set ℕ, A.IsAsymptoticAddBasis →       (fun N : ℕ ↦ ((A ∩ Icc 1 N).ncard : ℝ)) =o[atTop] (fun N : ℕ ↦ (N : ℝ)) →       Tendsto (fun N : ℕ ↦           (((A + A) ∩ Icc 1 (2 * N)).ncard : ℝ) / ((A ∩ Icc 1 N).ncard : ℝ))         atTop atTop
S5-CLM-00003981	Erdos340.erdos_340	Let $A = \{1, 2, 4, 8, 13, 21, 31, 45, 66, 81, 97, \ldots\}$ be the greedy Sidon sequence: we begin with $1$ and iteratively include the next smallest integer that preserves the Sidon property (i.e. there are no non-trivial solutions to $a + b = c + d$). What is the order of growth of $A$? Is it true that $|A \cap \{1, \ldots, N\}| \gg N^{1/2 - \varepsilon}$ for all $\varepsilon > 0$ and large $N$?	(ε : ℝ) (hε : ε > 0) :     (fun n : ℕ ↦ √n / n ^ ε) =O[atTop]       fun n : ℕ ↦ ((Set.range greedySidon ∩ Set.Icc 1 n).ncard : ℝ)
S5-CLM-00003986	Erdos340.erdos_340.variants.sub_hasPosDensity	Erdős and Graham [ErGr80] also asked about the difference set $A - A$ and whether this has positive density.  [ErGr80] Erdős, P. and Graham, R., Old and new problems and results in combinatorial number theory. Monographies de L'Enseignement Mathematique (1980).	:     Set.HasPosDensity (Set.range greedySidon - Set.range greedySidon)
S5-CLM-00003996	Erdos349.complete_for_alpha_in_Ioo_one_to_goldenRatio	It seems likely that the sequence is complete for all for all $t>0$ and all $1 < \alpha < \frac{1+\sqrt{5}}{2}$.	(t α : ℝ) (ht : 0 < t)     (hα : α ∈ Set.Ioo 1 ((1 + √5) / 2)) : IsGoodPair t α
S5-CLM-00004010	Erdos357.erdos_357.parts.i	Let $f(n)$ be the maximal $k$ such that there exist integers $1 \le a_1 < \dotsc < a_k \le n$ such that all sums of the shape $\sum_{u \le i \le v} a_i$ are distinct. Is $f(n)=o(n)$?	: (fun n ↦ (f n : ℝ)) =o[atTop] (fun n ↦ (n : ℝ))
S5-CLM-00004014	Erdos357.erdos_357.variants.hegyvari	Let $g(n)$ be the maximal $k$ such that there exist integers $1 \le a_1, \dotsc, a_k \le n$ such that all sums of the shape $\sum_{u \le i \le v} a_i$ are distinct. It is known that $$\left(\frac 1 3 + o(1) \right)n \leq g(n) \leq \left(\frac 2 3 + o(1) \right)n.$$	: ∃ (o o' : ℕ → ℝ), o =o[atTop] (1 : ℕ → ℝ) ∧     o' =o[atTop] (1 : ℕ → ℝ) ∧       ∀ᶠ n in atTop, (g n : ℝ) ∈ Set.Icc ((1 / 3 + o n) * n) ((2 / 3 + o' n)*n)
S5-CLM-00004015	Erdos357.erdos_357.variants.infinite_set_density	Suppose $A$ is an infinite set such that all finite sums of consecutive terms of $A$ are distinct. Then it is conjectured that $A$ has density 0.	(A : ℕ → ℕ) (hA : StrictMono A)     (hA : HasDistinctSums A) :     (Set.range A).HasDensity 0
S5-CLM-00004016	Erdos357.erdos_357.variants.infinite_set_sum	Suppose $A$ is an infinite set such that all finite sums of consecutive terms of $A$ are distinct. Then it is conjectured that the sum $\sum_k \frac{1}{a_k}$ converges.	(A : ℕ → ℕ) (hA : StrictMono A)     (hA : HasDistinctSums A) :     Summable (fun i ↦ (1 : ℝ) / A i)
S5-CLM-00004017	Erdos357.erdos_357.variants.monotone.parts.i	Let $h(n)$ be the maximal $k$ such that there exist integers $1 \le a_1 \leq \dotsc \leq a_k \le n$ such that all sums of the shape $\sum_{u \le i \le v} a_i$ are distinct. Is $h(n)=o(n)$?	: (fun n ↦ (h n : ℝ)) =o[atTop] (fun n ↦ (n : ℝ))
S5-CLM-00004023	Erdos358.erdos_358.variants.one_le	It is conjectured that if $A =\{a_1 < \cdots\}$ and $g$ counts the number of representations $$n=\sum_{u\leq i\leq v}a_i$$ such that the sum has at least two terms, then for all $n$ we have $1 \leq g(n)$ for sufficiently large $n$.	:     ∃ A, StrictMono A ∧ ∀ᶠ n in atTop, 1 ≤ g A n
S5-CLM-00004024	Erdos358.erdos_358.variants.prime_set	When $A =\{a_1 < \cdots\}$ corresponds to the set of primes, it is conjectured that the $\limsup$ of the number of representations $$n=\sum_{u\leq i\leq v}a_i$$ is infinite.	:     atTop.limsup (fun n ↦ (f (Nat.nth Nat.Prime) n : ℕ∞)) = ⊤
S5-CLM-00004025	Erdos358.erdos_358.variants.prime_set_density_representation	When $A =\{a_1 < \cdots\}$ corresponds to the set of primes, it is conjectured that the set of numbers $n$ that have representations $$n=\sum_{u\leq i\leq v}a_i$$ has positive upper density.	:     0 < {n : ℕ | intervalRepresentations (Nat.nth Nat.Prime) n |>.Nonempty}.upperDensity
S5-CLM-00004026	Erdos359.erdos_359.parts.i	Let $a_1< a_2 < ⋯ $ be an infinite sequence of integers such that $a_1=1$ and $a_{i+1}$ is the least integer which is not a sum of consecutive earlier $a_j$s. Show that $a_k / k \to \infty$.	(A : ℕ → ℕ) (hA : IsGoodFor A 1) :     atTop.Tendsto (fun k ↦ (A k : ℝ) / k) atTop
S5-CLM-00004027	Erdos359.erdos_359.parts.ii	Let $a_1< a_2 < ⋯ $ be an infinite sequence of integers such that $a_1=1$ and $a_{i+1}$ is the least integer which is not a sum of consecutive earlier $a_j$s. Show that $a_k / k ^ {1 + c} \to 0$ for any $c > 0$.	(A : ℕ → ℕ) (hA : IsGoodFor A 1) (c : ℝ) (hc : 0 < c):     atTop.Tendsto (fun k ↦ A k / (k : ℝ) ^ (1 + c)) (nhds 0)
S5-CLM-00004028	Erdos359.erdos_359.variants.isGoodFor_1_asymptotic	Suppose monotone sequence $A$ satisfies the following: `A 0 = 1` and for all `j`, `A (j + 1)` is the smallest natural number that cannot be written as a sum of consecutive terms of `A 0, ..., A j`. Then it is conjectured that $$a_k ~ \frac{k \log k}{\log \log k}$$.	(A : ℕ → ℕ) (hA : IsGoodFor A 1) :     (fun k ↦ (A k : ℝ)) ~[atTop] (fun k ↦ k * (k : ℝ).log / (k : ℝ).log.log)
S5-CLM-00004040	Erdos364.erdos_364	There is no consecutive triple of powerful numbers.	:     ¬ ∃ (n : ℕ), Powerful n ∧ Powerful (n + 1) ∧ Powerful (n + 2)
S5-CLM-00004041	Erdos364.erdos_364.variants.strong	Erdős [Er76d] conjectured a stronger statement: if $n_k$ is the $k$th powerful number, then $n_{k+2} - n_k > n_k^c$ for some constant $c > 0$.  [Er76d] Erdős, P., Problems and results on number theoretic properties of consecutive integers and related questions. Proceedings of the Fifth Manitoba Conference on Numerical Mathematics (Univ. Manitoba, Winnipeg, Man., 1975) (1976), 25-44.	:     ∃ (c : ℝ) (h : c > 0), ∀ (k : ℕ),     Nat.nth Powerful (k + 2) - Nat.nth Powerful k > (Nat.nth Powerful k : ℝ) ^ c
S5-CLM-00004043	Erdos371.erdos_371	Let $P(n)$ denote the largest prime factor of $n$. Show that the set of $n$ with $P(n+1) > P(n)$ has density $\frac{1}{2}$.	:     { n | Nat.maxPrimeFac (n + 1) > Nat.maxPrimeFac n }.HasDensity (1/2)
S5-CLM-00004044	Erdos373.erdos_373	Show that the equation `n!=a_1!a_2!···a_k!`, with `n−1 > a_1 ≥ a_2 ≥ ··· ≥ a_k`, has only finitely many solutions.	: S.Finite
S5-CLM-00004045	Erdos373.erdos_373.variants.maximal_solution	Hickerson conjectured the largest solution the equation `n!=a_1!a_2!···a_k!`, with `n−1 > a_1 ≥ a_2 ≥ ··· ≥ a_k`, is `16!=14!5!2!`.	:     (16, [14, 5, 2]) ∈ S ∧ ∀ s ∈ S, s.fst ≤ 16
S5-CLM-00004047	Erdos373.erdos_373.variants.suranyi	Surányi was the first to conjecture that the only non-trivial solution to `a!b!=n!` is `6!7!=10!`.	:     {(n, a, b) : ℕ × ℕ × ℕ | n ! = a ! * b ! ∧ 1 < n ∧ 1 < a ∧ 1 < b ∧ b ≤ a ∧ a + 1 ≠ n}       = {(10, 7, 6)}
S5-CLM-00004061	Erdos394.erdos_394.variants.hall_conjecture	Erdős and Hall conjecture that the sum is $o(x^2/(\log x)^c)$ for any $c<\log 2$.	:     ∀ c < Real.log 2, (fun x ↦ ∑ n ∈ Icc 1 ⌊x⌋₊,     (t 2 n : ℝ)) =o[atTop]     (fun x ↦ x ^ 2 / (Real.log x) ^ c)
S5-CLM-00004073	Erdos406.erdos_406.variants.one_two	If we only allow the digits $1$ and $2$ then $2^{15}$ seems to be the largest such power of $2$.	:     IsGreatest { n | n.isPowerOfTwo ∧ Nat.digits 3 n ⊆ [1, 2] } (2 ^ 15)
S5-CLM-00004078	Erdos409.erdos_409.variants.sigma_termination	If $n > 1$ then the iteration $n\mapsto\sigma(n) - 1$ necessarily reaches a prime. Note: this is open — it is not clear that the σ iteration always terminates, since it is non-decreasing (unlike the φ iteration which is strictly decreasing).	(n : ℕ) (hn : n > 1) :     ∃ i, (σ 1 · - 1)^[i] n |>.Prime
S5-CLM-00004079	Erdos41.erdos_41	Let `A ⊆ ℕ` be an infinite set such that the triple sums `a + b + c` are all distinct for `a, b, c` in `A` (aside from the trivial coincidences). Is it true that `liminf n → ∞ |A ∩ {1, …, N}| / N^(1/3) = 0`?	(A : Set ℕ) (h_triple : NtupleCondition A 3) (h_infinite : A.Infinite) :     Filter.atTop.liminf (fun N => (A ∩ Icc 1 N).ncard / (N : ℝ)^(1/3 : ℝ)) = 0
S5-CLM-00004086	Erdos416.erdos_416.parts.i	Let `V(x)` count the number of `n≤x` such that `ϕ(m)=n` is solvable. Does `V(2x)/V(x)→2` ?	:     Filter.Tendsto (fun x => (V (2 * x) / V (x))) Filter.atTop (𝓝 2)
S5-CLM-00004133	Erdos477.erdos_477.variants.X_pow_three	Probably there is no such $A$ for the polynomial $X^3$.	:     letI f := X ^ 3     ∀ A : Set ℤ, ∃ z, ¬ ∃! a ∈ A ×ˢ (f.eval '' {n | 0 < n}), z = a.1 + a.2
S5-CLM-00004135	Erdos477.erdos_477.variants.monomial	Probably there is no such $A$ for the polynomial $X^k$ for any $k \ge 2$. This is asked in [Sek59].	(k : ℕ) (hk : 2 ≤ k) :     letI f := X ^ k     ∀ A : Set ℤ, ∃ z, ¬ ∃! a ∈ A ×ˢ (f.eval '' {n | 0 < n}), z = a.1 + a.2
S5-CLM-00004206	Erdos535.erdos_535	Let $r \geq 3$, and let $f_r(N)$ denote the size of the largest subset of $\{1,\ldots,N\}$ such that no subset of size $r$ has the same pairwise greatest common divisor between all elements. Erdős [Er64] proved that $f_3(N) > N^{c/\log\log N}$ for some constant $c > 0$, and conjectured this should also be an upper bound; here we state the conjectural upper bound for all $r \geq 3$.  See also [536].	: ∀ r ≥ 3, ∃ c > (0 : ℝ),     ∀ᶠ (N : ℕ) in atTop,       (f r N : ℝ) ≤ (N : ℝ) ^ (c / log (log (N : ℝ)))
S5-CLM-00004208	Erdos535.erdos_535.variants.first_open_case	The first open case of Erdős Problem 535 is $r = 3$: there should exist $c > 0$ such that $f_3(N) \leq N^{c/\log\log N}$ for all sufficiently large $N$.	: ∃ c > (0 : ℝ),     ∀ᶠ (N : ℕ) in atTop,       (f 3 N : ℝ) ≤ (N : ℝ) ^ (c / log (log (N : ℝ)))
S5-CLM-00004211	Erdos535.erdos_535.variants.sunflower_strong	Erdős [Er73] records that Abbott pointed out the ordinary sunflower conjecture does not seem to suffice here. The stronger auxiliary conjecture uses $Ω(n)=k$, i.e. prime factors counted with multiplicity; this stronger statement would imply the conjectured upper bound for $f_r(N)$.	{r : ℕ} (hr : 3 ≤ r) :     ∃ c_r > (0 : ℝ),       ∀ k : ℕ, ∀ A : Finset ℕ,         AllBigOmega k A →         NoConstantPairwiseGcdCoprimeSubsets r A →         (A.card : ℝ) ≤ c_r ^ k
S5-CLM-00004215	Erdos539.erdos_539.variants.isBigO_sq	To prove `erdos_539.variants.sq` it suffices to show $$ h(n)\ll n^{1/2}$$.	:     (fun n ↦ (cofactorThreshold n : ℝ)) =O[atTop] fun n ↦ √n
S5-CLM-00004218	Erdos539.erdos_539.variants.sq	Let $h(n)$ be maximal such that, for any set $A\subseteq \mathbb{N}$ of size $n$, the set$$\left\{ \frac{a}{(a,b)}: a,b\in A\right\}$$has size at least $h(n)$. Is $h(n) = \Theta(\sqrt{n})$?	:     (fun n ↦ (cofactorThreshold n : ℝ)) =Θ[atTop] fun n ↦ √n
S5-CLM-00004219	Erdos539.erdos_539.variants.sq_cube_root	Let $h(n)$ be maximal such that, for any set $A\subseteq \mathbb{N}$ of size $n$, the set$$\left\{ \frac{a}{(a,b)}: a,b\in A\right\}$$has size at least $h(n)$. Is $h(n) = \Theta(n^{2/3})$?	:     (fun n ↦ (cofactorThreshold n : ℝ)) =Θ[atTop] fun n ↦ (n : ℝ) ^ ((2 : ℝ) / 3)
S5-CLM-00004220	Erdos539.erdos_539.variants.sq_cube_root_isBigO	To prove `erdos_539.variants.sq_cube_root` it suffices to show $$n^{2/3}\ll h(n)$$.	:     (fun n : ℕ ↦ (n : ℝ) ^ ((2 : ℝ) / 3)) =O[atTop] fun n ↦ (cofactorThreshold n : ℝ)
S5-CLM-00004255	Erdos60.erdos_60	Does every graph on $n$ vertices with $>\mathrm{ex}(n;C_4)$ edges contain $\gg n^{1/2}$ many copies of $C_4$?	:     ∃ c : ℝ, c > 0 ∧       ∀ᶠ n : ℕ in atTop,         ∀ (G : SimpleGraph (Fin n)) [DecidableRel G.Adj],           (extremalNumber n (cycleGraph 4) < G.edgeFinset.card) →           (c * Real.sqrt (n : ℝ) ≤ ({ H' : G.Subgraph | Nonempty (H'.coe ≃g cycleGraph 4) }.ncard : ℝ))
S5-CLM-00004272	Erdos617.erdos_617	Let $r\geq 3$. If the edges of $K_{r^2+1}$ are $r$-coloured then there exist $r+1$ vertices with at least one colour missing on the edges of the induced $K_{r+1}$.  In other words, there is no balanced colouring.  A conjecture of Erdős and Gyárfás [ErGy99].	(r : ℕ) (hr : r ≥ 3) {V : Type} [Fintype V] [DecidableEq V]     (hV : Fintype.card V = r^2 + 1) (coloring : Sym2 V → Fin r) :     ∃ (S : Finset V) (k : Fin r),       S.card = r + 1 ∧       ∀ u ∈ S, ∀ v ∈ S, u ≠ v → coloring s(u, v) ≠ k
S5-CLM-00004280	Erdos624.erdos_624	Let $X$ be a finite set of size $n$ and $H(n)$ be such that there is a function $f:\{A : A\subseteq X\}\to X$ so that for every $Y\subseteq X$ with $\lvert Y\rvert \geq H(n)$ we have $\left\{ f(A) : A\subseteq Y\right\}=X$. Prove that $H(n)-\log_2 n \to \infty$.	:     atTop.Tendsto (fun n : ℕ => H n - Real.logb 2 (n : ℝ)) atTop
S5-CLM-00004281	Erdos628.erdos_628	Let $G$ be a graph with chromatic number $k$ containing no $K_k$. If $a,b\geq 2$ and $a+b=k+1$ then must there exist two disjoint subgraphs of $G$ with chromatic numbers $\geq a$ and $\geq b$ respectively?	(V : Type*) [Fintype V] (G : SimpleGraph V) (k : ℕ)     (hG_chrom : G.chromaticNumber = (k : ℕ∞))     (hG_clique : G.CliqueFree k)     (a b : ℕ) (ha : a ≥ 2) (hb : b ≥ 2) (hab : a + b = k + 1) :     ∃ (s : Set V),       (G.induce s).chromaticNumber ≥ (a : ℕ∞) ∧       (G.induce sᶜ).chromaticNumber ≥ (b : ℕ∞)
S5-CLM-00004302	Erdos677.erdos_677	Denote by $M(n, k)$ the least common multiple of the finite set $\{n+1, \dotsc, n+k\}$. Is it true that for all $m \geq n + k$, we get $M(m, k) \neq M(n, k)$?	:     ∀ (m n k : ℕ), k > 0 → m ≥ n + k → lcmInterval m k ≠ lcmInterval n k
S5-CLM-00004308	Erdos683.erdos_683.variant.exp_sqrt	Standard heuristics suggest that $P(n, k) > e^{c\sqrt{k}}$ for some constant $c > 0$.	:     ∃ c > 0, ∀ n k : ℕ, 0 < k ∧ k ≤ n / 2 → P n k > Real.exp (c * Real.sqrt k)
S5-CLM-00004382	Erdos770.erdos_770.variants.three	It is probably true that `h n = 3` for infinitely many `n`.	: {n | h n = 3}.Infinite
S5-CLM-00004386	Erdos779.erdos_779	A Conjecture of Marian Deaconescu, see p.120 in https://doi.org/10.2307/2975810  [Needed to index shift in order to avoid trivial case $n = 0$, where the conjecture is trivially false.]	(n : ℕ) (hn : n ≥ 1): let P := ∏ i ∈ range (n + 1), nth Nat.Prime i     ∃ p, p.Prime ∧ (P + p).Prime ∧ nth Nat.Prime n < p ∧ p < P
S5-CLM-00004394	Erdos789.erdos_789.variants.cube_root_linearithmic	Let $h(n)$ be maximal such that if $A\subseteq \mathbb{Z}$ with $\lvert A\rvert=n$ then there is $B\subseteq A$ with $\lvert B\rvert \geq h(n)$ such that if $a_1+\cdots+a_r=b_1+\cdots+b_s$ with $a_i,b_i\in B$ then $r=s$.  Is $h(n) = \Theta((n\log(n)))^{1/3})$?	:     (fun n ↦ (subsetSumThreshold n : ℝ)) =Θ[atTop]       fun n ↦ (n * Real.log n) ^ ((1 : ℝ) / 3)
S5-CLM-00004395	Erdos789.erdos_789.variants.isBigO_cube_root_linearithmic	By the solved variant `erdos_789.variants.cube_root_linearithmic_isBigO`, in order to prove `erdos_789.variants.cube_root_linarithmic` it suffices to show $h(n) = O((n\log(n))^{1/3})$.	:     (fun n ↦ (subsetSumThreshold n : ℝ)) =O[atTop]       fun n ↦ (n * Real.log n) ^ ((1 : ℝ) / 3)
S5-CLM-00004397	Erdos789.erdos_789.variants.sq	Let $h(n)$ be maximal such that if $A\subseteq \mathbb{Z}$ with $\lvert A\rvert=n$ then there is $B\subseteq A$ with $\lvert B\rvert \geq h(n)$ such that if $a_1+\cdots+a_r=b_1+\cdots+b_s$ with $a_i,b_i\in B$ then $r=s$.  Is $h(n) = \Theta(\sqrt{n})$?	:     (fun n ↦ (subsetSumThreshold n : ℝ)) =Θ[atTop] fun n ↦ √n
S5-CLM-00004398	Erdos789.erdos_789.variants.sq_isBigO	By the solved variant `erdos_789.variants.isBigO_sq`, in order to prove `erdos_789.variants.sq` it suffices to show $\sqrt{n}=O(h(n))$.	:     (fun n : ℕ ↦ √n) =O[atTop] fun n ↦ (subsetSumThreshold n : ℝ)
S5-CLM-00004412	Erdos82.erdos_82	$F(n) / \log n \to \infty as n \to \infty$	: Tendsto (fun n => F n / Real.log n) atTop atTop
S5-CLM-00004434	Erdos853.erdos_853.parts.i	Let $d_n = p_{n+1} - p_n$, where $p_n$ is the $n$th prime. Let $r(x)$ be the smallest even integer $t$ such that $d_n = t$ has no solutions for $n \le x$.  Is it true that $r(x) \to \infty$?	: atTop.Tendsto r atTop
S5-CLM-00004435	Erdos853.erdos_853.parts.ii	Let $d_n = p_{n+1} - p_n$, where $p_n$ is the $n$th prime. Let $r(x)$ be the smallest even integer $t$ such that $d_n = t$ has no solutions for $n \le x$.  Is it true that $r(x) / \log x \to \infty$?	:     atTop.Tendsto (fun n ↦ r n / Real.log n) atTop
S5-CLM-00004438	Erdos859.erdos_859	The density of the divisor sum set is asymptotically equivalent to $c_1 / \log(t)^{c_2}$.	:     ∃ c₁ > 0, ∃ c₂ > (0 : ℝ), ∃ d : ℕ → ℝ, (∀ t > 0, (DivisorSumSet t).HasDensity (d t)) ∧       (fun (t : ℕ) ↦ d t) ~[atTop] (fun t ↦ c₁ / Real.log t ^ c₂)
S5-CLM-00004442	Erdos865.erdos_865.variants.sos	Erdős and Sós conjectured that $f_k(N)\sim \frac{1}{2}\left(1+\sum_{1\leq r\leq k-2}\frac{1}{4^r}\right) N$, where $f_k(N)$ is the minimal size of a subset of $\{1, \dots, N\}$ guaranteeing $k$ elements have all pairwise sums in the set.	:     ∀ᵉ (k : ℕ) (hk : 2 ≤ k),     (fun N ↦ (f N k : ℝ)) ~[atTop] (fun N ↦ (1 / 2 : ℝ) * (1 + ∑ r ∈ Icc 1 (k - 2),       (1 / 4 : ℝ) ^ r) * N)
S5-CLM-00004462	Erdos887.erdos_887.parts.ii	Is there an absolute constant $K$ such that, for every $C > 0$, if $n$ is sufficiently large then $n$ has at most $K$ divisors in $(n^{\frac{1}{2}}, n^{\frac{1}{2}} + C n^{\frac{1}{4}})$.	: ∃ K, ∀ C > (0 : ℝ), ∀ᶠ n in atTop,     #{ d ∈ Ioo ⌊√n⌋₊ ⌈√n + C * n^((1 : ℝ) / 4)⌉₊ | d ∣ n } ≤ K
S5-CLM-00004463	Erdos887.erdos_887.variants.rosenfeld_4	Erdős and Rosenfeld, ask whether $4$ is the best possible $K$ for the infinitude of $n$ with (at least) $K$ divisors in $(n^{\frac{1}{2}}, n^{\frac{1}{2}} + n^{\frac{1}{4}})$.	:     IsGreatest {K | ∃ C > (0 : ℝ),       Infinite {n : ℕ | K ≤ #{ d ∈ Ioo ⌊√n⌋₊ ⌈√n + C * n^((1 : ℝ) / 4)⌉₊ | d ∣ n }}} 4
S5-CLM-00004465	Erdos889.erdos_889	Let $v(n,k)$ count the prime factors of $n+k$ which do not divide $n+i$ for $0\leq i < k$. Is it true that $v_0(n)=\max_{k\geq 0}v(n,k)\to \infty$ as $n\to \infty$?	: Tendsto v₀ atTop (𝓝 ⊤)
S5-CLM-00004466	Erdos889.erdos_889.variants.general	Let $v_l(n) = \max_{k\geq l} v(n,k)$. For every fixed $l$, $v_l(n) \to \infty$ as $n \to \infty$  [ErSe67] Erdős, P. and Selfridge, J. L., Some problems on the prime factors of consecutive integers. Illinois J. Math. (1967), 428--430.	:     ∀ l, Tendsto (v_l l) atTop (𝓝 ⊤)
S5-CLM-00004469	Erdos89.erdos_89	Erdős [Er46] asked whether every set of $n$ distinct points in $\mathbb{R}^2$ determines $\gg \frac{n}{\sqrt{\log n}}$ many distinct distances.	:     (fun (n : ℕ) => n/(n : ℝ).log.sqrt) =O[atTop] (fun n => (minimalDistinctDistances n : ℝ))
S5-CLM-00004475	Erdos891.erdos_891.variants.weisenberg	Weisenberg has observed that Dickson's conjecture implies the answer is no if we replace $p_1\cdots p_k$ with $p_1\cdots p_k-1$. Indeed, let $L_k$ be the lowest common multiple of all integers at most $p_1\cdots p_k$. By Dickson's conjecture [Wikipedia], there are infinitely many $n'$ such that $\frac{L_k}{m}n'+1$ is prime for all $1\leq m < p_1\cdots p_k$. It follows that, if $n=L_kn'+1$, then all integers in $[n,n+p_1\cdots p_k-1)$ have at most $k$ prime factors.	(k : ℕ) (hk : k ≥ 2) :     ∃ᶠ n in atTop,       ∀ m ∈ Ico n (n + (∏ i ∈ range k, i.nth Nat.Prime) - 1),       ω m ≤ k
S5-CLM-00004498	Erdos912.erdos_912	Prove that there exists some $c>0$ such that $$h(n) \sim c \left(\frac{n}{\log n}\right)^{1/2}$$ as $n\to \infty$.	: ∃ c > 0,     (fun n => (h n : ℝ)) ~[atTop] (fun n => c * (n / Real.log n) ^ (1 / 2 : ℝ))
S5-CLM-00004500	Erdos912.erdos_912.variants.tao	A heuristic of Tao using the Cramér model for the primes suggests this is true with $c=\sqrt{2\pi}$.	:     (fun n => (h n : ℝ)) ~[atTop] (fun n => √(2 * Real.pi) * (n / Real.log n) ^ (1 / 2 : ℝ))
S5-CLM-00004502	Erdos913.erdos_913.variants.infinite_many_8p_sq_add_one_primes	It is likely that there are infinitely many primes $p$ such that $8p^2 - 1$ is also prime.	:     { p | p.Prime ∧ (8 * p ^ 2 - 1).Prime }.Infinite
S5-CLM-00004517	Erdos931.erdos_931.variants.exists_prime	Erdős was unable to prove that if the two products have the same factors then there must exist a prime between $n_1$ and $n_2$.	(k₁ k₂ n₁ n₂ : ℕ) (h₁ : k₂ ≤ k₁) (h₂ : 3 ≤ k₂)     (h₃ : n₁ + k₁ ≤ n₂) (h₄ : (∏ i ∈ Finset.Icc 1 k₁, (n₁ + i)).primeFactors =       (∏ j ∈ Finset.Icc 1 k₂, (n₂ + j)).primeFactors) :     ∃ (p : ℕ), p.Prime ∧ n₁ ≤ p ∧ p ≤ n₂
S5-CLM-00004518	Erdos932.erdos_932	Let $p_k$ denote the $k$th prime. For infinitely many $r$ there are at least two integers $p_r < n < p_{r+1}$ all of whose prime factors are $< p_{r + 1} - p_r$.	:     { r : ℕ | 2 ≤ (Finset.Ioo (r.nth Nat.Prime) (r.succ.nth Nat.Prime) |>.filter       (fun m => m.maxPrimeFac < r.succ.nth Nat.Prime - r.nth Nat.Prime)).card }.Infinite
S5-CLM-00004526	Erdos94.erdos_94.variants.regular_ngon	Erdős and Fishburn also make the stronger conjecture that $\sum f(u_i)^2$ is maximal for the regular $n$-gon (for large enough $n$).	: ∀ᶠ n : ℕ in atTop, ∀ P : Finset ℝ²,     P.card = n → ConvexIndep (P : Set ℝ²) →     ∑ u ∈ distanceSet P, (distanceMultiplicity P u : ℝ) ^ 2 ≤       ∑ u ∈ distanceSet (regularNGon n), (distanceMultiplicity (regularNGon n) u : ℝ) ^ 2
S5-CLM-00004548	Erdos952.erdos_952	Is there an infinite sequence of distinct Gaussian primes $x_1,x_2,\ldots$ such that $\lvert x_{n+1}-x_n\rvert \ll 1$?	:   ∃ (x : ℕ → GaussianInt) (C : ℤ),     Function.Injective x ∧       ∀ n, Prime (x n) ∧ (x (n + 1) - x n).norm < C
S5-CLM-00004585	Erdos982.erdos_982	If $n$ distinct points in $\mathbb{R}^2$ form a convex polygon then some vertex has at least $\lfloor\frac{n}{2}\rfloor$ different distances to other vertices.	(n : ℕ) (hn : 3 ≤ n) (p : Fin n → ℝ²) (hp : Function.Injective p)     (hp' : EuclideanGeometry.IsConvexPolygon p) :     ∃ (i : Fin n), { d : ℝ | ∃ j : Fin n, j ≠ i ∧ d = dist (p i) (p j) }.ncard ≥ n / 2
S5-CLM-00004647	Green16.green_16_conjectured_lower_bound	$f(N) \gg N \cdot e^{-c(\log N)^{1/7}}$.	:     ∃ c > (0 : ℝ), (fun N ↦ (N : ℝ) * exp (-c * (log N) ^ (1 / 7 : ℝ))) ≪ fun N ↦ (f N : ℝ)
S5-CLM-00004648	Green16.green_16_lower_bound	From [Ruzsa] $f(N) \gg N^{1/2}$.	:     (fun N ↦ (N : ℝ) ^ (1 / 2 : ℝ)) ≪ fun N ↦ (f N : ℝ)
S5-CLM-00004649	Green16.green_16_upper_bound	From [Schoen and Sisask] $f(N) \ll N \cdot e^{-c(\log N)^{1/7}}$.	:     ∃ c > (0 : ℝ), (fun N ↦ (f N : ℝ)) ≪ fun N ↦ (N : ℝ) * exp (-c * (log N) ^ (1 / 7 : ℝ))
S5-CLM-00004654	Green19.green_19.lower	[Ma21] showed that $3.13 \leq C$.	: C >= 3.13
S5-CLM-00004655	Green19.green_19.upper	[Ma21] showed that $C \leq 4$.	: C <= 4
S5-CLM-00004665	Green21.green_21.variants.milicevic	Milićević [ElJo23, Conjecture 11.1] conjectures the following 2-adic variant. For any $k \in \mathbb{N}$, there exists $K = K(k)$ such that the following is true. Let $r$ be a positive integer, and let $a_1, \dots, a_k \in \mathbb{Z}/2^r\mathbb{Z}$. Let $d$ be the largest integer such that $\sum_{i \in I} a_i \equiv 0 \pmod{2^d}$ for some non-empty subset $I \subset [k]$. Then there is a $K$-colouring of $\mathbb{Z}/2^r\mathbb{Z}$ such that all monochromatic solutions $x = (x_1, \dots, x_k)$ to the equation $a_1x_1 + \cdots + a_kx_k = 0$ satisfy $x_i \equiv 0 \pmod{2^{r-d}}$ for all $i = 1, \dots, k$.  Milićević remarks that, if true, this would imply the Rado boundedness conjecture by a compactness argument.	: ∀ k : ℕ, ∃ K : ℕ, ∀ r : ℕ, 0 < r →     ∀ a : Fin k → ZMod (2 ^ r), ∃ col : ZMod (2 ^ r) → Fin K,       ∀ x : Fin k → ZMod (2 ^ r), (∀ i j, col (x i) = col (x j)) →         ∑ i, a i * x i = 0 → ∀ i, 2 ^ (r - maxDepth a) ∣ (x i).val
S5-CLM-00004672	Green24.variants.conjecture	Conjecture p.579 in [Aa19]: $\left({1}{3} + o(1)\right) n^2$.	: gamma = 1/3
S5-CLM-00004760	Green46.green_46.improve_upper_conjectured	It seems very likely that we must have $y \ll x^{1+o(1)}$ [Gr24].	:     ∃ o : ℕ → ℝ, (o =o[atTop] fun _ : ℕ ↦ (1 : ℝ)) ∧       maxY ≪ fun x ↦ (x : ℝ) ^ (1 + o x)
S5-CLM-00004790	Green72.NoKInLine	The **no-k-in-line problem**: For $N \geq k$ and $k > 2$, the AllowedSetSize is $(k - 1) N$, i. e. on an $N \times N$ subset, there is a set of $(k - 1) N$ points for which no $k$ lie on a line (and not such a set of bigger size).	{k : ℕ} {N : ℕ} (hk : 2 < k) (h : k ≤ N) : NoKInLineFor k N
S5-CLM-00004791	Green72.green_72	**Green's Open Problem 72 / No-three-in-line problem**: The no-k-in-line conjecture holds for $k = 3$.	{N : ℕ} (hN : 3 ≤ N) : NoKInLineFor 3 N
S5-CLM-00004806	Hilbert5.hilbert_smith_conjecture	**Hilbert–Smith conjecture**: every locally compact topological group acting continuously and faithfully on a connected finite-dimensional topological manifold is a Lie group.	[IsTopologicalGroup G] [LocallyCompactSpace G]     [MulAction G X] [ContinuousSMul G X] [FaithfulSMul G X] :     AdmitsLieGroupStructure G
S5-CLM-00004809	Hilbert5.hilbert_smith_padic_formulation	Equivalent p-adic formulation: the p-adic integers `ℤ_[p]` cannot act continuously and faithfully on any connected finite-dimensional topological manifold. By the Gleason–Yamabe theorem, this is equivalent to `hilbert_smith_conjecture`.	(p : ℕ) [Fact p.Prime]     [AddAction (PadicInt p) X] [ContinuousVAdd (PadicInt p) X]     [FaithfulVAdd (PadicInt p) X] :     False
S5-CLM-00004813	LamLitt.lam_litt.variants.integrality_implies_algebraicity	2) implies 1): if the coefficients of $f$ are in $\mathbb{Z}[1/N]$ for some $N$, then $f$ is algebraic over $\mathbb{Q}[z]$. Also the version of conjecture of Litt's problem 1 on his website.	{n : ℕ} (f : PowerSeries ℚ)     (g : MvRatFunc (Fin (n + 1)) ℚ) (hODE : IsSolutionOfAlgebraicODE n f g)     (N : ℕ) (hN : IsCoeffIntegralAdjointInvNat f N) :     IsAlgebraic (Polynomial ℚ) f
S5-CLM-00004814	LamLitt.lam_litt.variants.omega_integrality_implies_algebraicity	3) implies 2): if the coefficients of $f$ satisfy the $\omega$-integrality condition for some superlinear $\omega$, then there exists $N$ such that for all $n$, the $n$-th coefficient of $f$ is in $\mathbb{Z}[1/N]$.	{n : ℕ} (f : PowerSeries ℚ)     (g : MvRatFunc (Fin (n + 1)) ℚ) (hODE : IsSolutionOfAlgebraicODE n f g)     (ω : Nat.Primes → ℤ) (hω : omegaSuperlinear ω ∧ omegaIntegral ω (PowerSeries.coeff · f)) :     ∃ N : ℕ, IsCoeffIntegralAdjointInvNat f N
S5-CLM-00004818	Mathoverflow17560.mathoverflow_17560	If $2^x$ and $3^x$ are integers, then $x$ must be an integer.	{x : ℝ} (hx : ∃ m : ℕ, (2 : ℝ) ^ x = m) (hx' : ∃ m : ℕ, (3 : ℝ) ^ x = m) :     ∃ m : ℕ, x = m
S5-CLM-00004824	Mathoverflow339137.mathoverflow_339137	Let $P(x), Q(x) ∈ ℝ[x]$ be two monic polynomials with non-negative coefficients. If $R(x) = P(x)Q(x)$ is a $0,1$ polynomial (coefficients only from $\{0,1\}$), then $P(x)$ and $Q(x)$ are also $0, 1$ polynomials.	(P Q R : ℝ[X]) (hP: P.Monic) (hQ : Q.Monic)     (hp : ∀ c ∈ P.coeffs, 0 ≤ c) (hq : ∀ c ∈ Q.coeffs, 0 ≤ c)     (h : R = P * Q) (hR : IsZeroOne R) :     IsZeroOne P ∧ IsZeroOne Q
S5-CLM-00004840	NavierStokes.navier_stokes_breakdown_R3	(C) Breakdown of Navier–Stokes solutions on ℝ³.	(nu : ℝ) (hnu : nu > 0) :     ∃ (u₀ : ℝ³ → ℝ³) (f : ℝ³ → ℝ → ℝ³),     InitialVelocityConditionDecay u₀ ∧ ForceConditionDecay f ∧     ¬ (∃ v p, NavierStokesExistenceAndSmoothnessRn nu u₀ f v p)
S5-CLM-00004841	NavierStokes.navier_stokes_breakdown_periodic	(D) Breakdown of Navier–Stokes Solutions on ℝ³/ℤ³.	(nu : ℝ) (hnu : nu > 0) :     ∃ (u₀ : ℝ³ → ℝ³) (f : ℝ³ → ℝ → ℝ³),     InitialVelocityConditionPeriodic u₀ ∧ ForceConditionPeriodic f ∧     ¬ (∃ v p, NavierStokesExistenceAndSmoothnessPeriodic nu u₀ f v p)
S5-CLM-00004842	NavierStokes.navier_stokes_existence_and_smoothness_R3	(A) Existence and smoothness of Navier–Stokes solutions on ℝ³.	(nu : ℝ) (hnu : nu > 0)     (u₀ : ℝ³ → ℝ³) (hu₀ : InitialVelocityConditionDecay u₀) :     ∃ v p, NavierStokesExistenceAndSmoothnessRn nu u₀ (f := 0) v p
S5-CLM-00004843	NavierStokes.navier_stokes_existence_and_smoothness_periodic	(B) Existence and smoothness of Navier–Stokes solutions in ℝ³/ℤ³.	(nu : ℝ) (hnu : nu > 0)     (u₀ : ℝ³ → ℝ³) (hu₀ : InitialVelocityConditionPeriodic u₀) :     ∃ v p, NavierStokesExistenceAndSmoothnessPeriodic nu u₀ (f := 0) v p
S5-CLM-00004845	PoincareConjecture.poincare_conjecture.variants.smooth_dimension_four	The four dimensional case of the smooth version of the conjecture is still open. See [Wang2017].	: SmoothConjectureFor 4
S5-CLM-00004847	PoincareConjecture.poincare_conjecture.variants.smooth_other_cases	It is conjectured that the only values of $n > 4$ for which the smooth version of the conjecture holds are $n = 5, 6, 12, 56, 61$. See Conjecture 1.17 in [Wang2017].	(n : ℕ) (hn : n > 4)     (hn' : n ∉ SmoothTrueValues) : ¬ SmoothConjectureFor n
S5-CLM-00004848	ComplexityTheory.NP_ne_coNP	**NP ≠ coNP**:  The conjecture that the complexity classes NP and coNP are not equal.	: NP ≠ coNP
S5-CLM-00004849	ComplexityTheory.P_ne_NP	**P ≠ NP**:  The conjecture that the complexity classes P and NP are not equal.	: P ≠ NP
S5-CLM-00004850	GRH.generalized_riemann_hypothesis	The **Generalized Riemann Hypothesis** asserts that all the non-trivial zeros of the Dirichlet $L$-function $L(\chi, s)$ of a primitive Dirichlet character $\chi$ have real part $\frac{1}{2}$.	(q : ℕ) [NeZero q] (χ : DirichletCharacter ℂ q)     (hχ : χ.IsPrimitive) (s : ℂ) (hs : χ.LFunction s = 0)     (hs_nontrivial : s ∉ Int.cast '' trivialZeros χ) :     s.re = 1 / 2
S5-CLM-00004851	RiemannHypothesis.riemannHypothesis	The **Riemann Hypothesis**: all non-trivial zeros of the Riemann zeta function have real part $\frac{1}{2}$. That is, if $\zeta(s) = 0$, $s \neq 1$, and $s$ is not a trivial zero $-2(n+1)$ for some $n \in \mathbb{N}$, then $\operatorname{Re}(s) = \frac{1}{2}$.  This is the official Millennium Prize Problem as posed by the [Clay Mathematics Institute](https://www.claymath.org/wp-content/uploads/2022/05/riemann.pdf).  This uses the `RiemannHypothesis` type from Mathlib, which is defined as `∀ (s : ℂ), riemannZeta s = 0 → (¬∃ n : ℕ, s = -2 * (n + 1)) → s ≠ 1 → s.re = 1 / 2`.	: RiemannHypothesis
S5-CLM-00004853	OeisA228828.a.infinite	Conjecture: the sequence A228828 is infinite.	: {a n | n}.Infinite
S5-CLM-00004854	OeisA231201.conjecture	The conjecture for sequence A231201: for any $n > 1$, there exist $x, y > 0$ such that $n = x + y$ and $2^x + y$ is prime.	(n : ℕ) (hn : 1 < n) : A n
S5-CLM-00004855	OeisA232174.conjecture	**Zhi-Wei Sun's Conjecture (A232174)**: Any integer $n > 1$ can be written as $x + y$ with $x, y > 0$ such that both $x + ny$ and $x^2 + ny^2$ are prime.	(n : ℕ) (hn : 1 < n) : A n
S5-CLM-00004856	OeisA239957.conjecture	**Zhi-Wei Sun's Conjecture (A239957)**: Every prime $p$ has a primitive root $0 < g < p$ of the form $k^2 + 1$, where $k$ is an integer.	(p : ℕ) (hp : p.Prime) : A p
S5-CLM-00004857	OeisA280831.conjecture	**Zhi-Wei Sun's 1680-Conjecture (A280831)**: Any nonnegative integer can be written as $x^2 + y^2 + z^2 + w^2$ with $x, y, z, w$ nonnegative integers such that $x^4 + 1680 y^3 z$ is a square.	(n : ℕ) : A n
S5-CLM-00004858	OeisA281976.conjecture	**Zhi-Wei Sun's Conjecture (A281976)**: Any integer $n \geq 0$ can be written as $x^2 + y^2 + z^2 + w^2$ with $x, y, z, w$ nonnegative integers and $z \leq w$, such that both $x$ and $x + 24y$ are squares.	(n : ℕ) : A n
S5-CLM-00004859	OeisA287616.conjecture	**Zhi-Wei Sun's Conjecture (A287616)**: Any nonnegative integer can be written as the sum of a triangular number $x(x+1)/2$, a generalized pentagonal number $y(3y+1)/2$, and a generalized heptagonal number $z(5z+1)/2$, where $x, y, z$ are nonnegative integers.	(n : ℕ) : A n
S5-CLM-00004860	OeisA303656.conjecture	**Zhi-Wei Sun's Conjecture (A303656)**: Any integer $n > 1$ can be written as the sum of two squares, a power of 3, and a power of 5.	(n : ℕ) (hn : 1 < n) : A n
S5-CLM-00004861	OeisA306477.conjecture	**Zhi-Wei Sun's 2-4-6-8 Conjecture (A306477)**: Any integer $n > 0$ can be written as $\binom{w+2}{2} + \binom{x+3}{4} + \binom{y+5}{6} + \binom{z+7}{8}$ for nonnegative integers $w, x, y, z$.	(n : ℕ) (hn : 0 < n) : A n
S5-CLM-00004862	OeisA308734.conjecture	**Zhi-Wei Sun's Four-Square Conjecture (A308734)**: Any integer $n > 1$ can be written as $(2^a \cdot 3^b)^2 + (2^c \cdot 5^d)^2 + x^2 + y^2$ for nonnegative integers $a, b, c, d, x, y$.	(n : ℕ) (hn : 1 < n) : A n
S5-CLM-00004864	OeisA34693.a_isBigO	Conjecture: $a(n) = O(\log(n)\log(\log(n)))$.	: (fun n ↦ (a n : ℝ)) =O[atTop] (fun n ↦ Real.log n * Real.log (Real.log n))
S5-CLM-00004865	OeisA34693.a_unbounded	Counter-conjecture to `a_isBigO`: $a(n) / (\log n \log \log n)$ is unbounded.	: ¬BddAbove (Set.range fun n ↦ a n / (Real.log n * Real.log (Real.log n)))
S5-CLM-00004866	OeisA34693.exists_k	Conjecture: for every $n > 1$ there exists a number $k < n$ such that $nk + 1$ is a prime.	{n : ℕ} (hn : 1 < n) : ∃ k < n, (n * k + 1).Prime
S5-CLM-00004868	OeisA34693.exists_k_stronger	A stronger conjecture: for every n there exists a number $k < 1 + n^{0.75}$ such that $nk + 1$ is a prime.	{n : ℕ} (hn : 0 < n) : ∃ k : ℕ,     k < 1 + (Real.nthRoot 4 n) ^ 3 ∧ (n * k + 1).Prime
S5-CLM-00004870	OeisA357513.general_supercongruence	We conjecture that $u(p-1) == 0 (mod p^4)$ for all primes $p$, with a finite number of exceptions that depend on $m$.	(m : ℕ) : ∃ (exceptions : Finset ℕ), ∀ p, p.Prime →     p ∉ exceptions → u m (p - 1) = (0 : ZMod (p ^ 4))
S5-CLM-00004872	OeisA37274.home_prime_conjecture	Every integer at least two reaches a home prime.	: ∀ n : ℕ, 2 ≤ n → ReachesPrime n
S5-CLM-00004874	OeisA56777.comesFromPrimeQuadruple_of_a	All members of the sequence A56777 come from prime quadruples.	{n : ℕ} (h : A n) : ComesFromPrimeQuadruple n
S5-CLM-00004876	OeisA63880.mod_216_of_a	All members of the sequence satisfy $n \equiv 108 \pmod{216}$.	{n : ℕ} (h : A n) : n % 216 = 108
S5-CLM-00004877	OeisA63880.unique_primitive_108	$108$ is the only primitive term.	{n : ℕ} (h : IsPrimitiveTerm n) : n = 108
S5-CLM-00004879	OeisA67720.prime_add_one_of_a	For members of the sequence other than $8$, we have $k + 1$ is prime.	{k : ℕ} (h : A k) (hne : k ≠ 8) : (k + 1).Prime
S5-CLM-00004937	BeaverMathOlympiad.beaver_math_olympiad_problem_2_antihydra	[BMO#2](https://wiki.bbchallenge.org/wiki/Beaver_Math_Olympiad#2._Hydra_and_Antihydra)  Antihydra is a sequence starting at 8, and iterating the function $$H(n) = \left\lfloor \frac {3n}2 \right\rfloor.$$ The conjecture states that the cumulative number of odd values in this sequence is never more than twice the cumulative number of even values. It is a relatively new open problem with, so it might be solvable, although seems quite hard because of its Collatz-like flavor. The underlying Collatz-like map has been studied independently in the past, see doi:[10.1017/S0017089508004655](https://doi.org/10.1017/S0017089508004655) (Corollary 4).  It is equivalent to non-termination of the [`1RB1RA_0LC1LE_1LD1LC_1LA0LB_1LF1RE_---0RA`](https://wiki.bbchallenge.org/wiki/Antihydra) 6-state Turing machine (from all-0 tape). Note that the conjecture that the machine does not halt is based on [a probabilistic argument](https://wiki.bbchallenge.org/wiki/Antihydra#Trajectory).  This machine and its mathematical reformulations were found by [bbchallenge.org](bbchallenge.org) contributors mxdys and Rachel Hunter on June 28th 2024.	(a : ℕ → ℕ) (b : ℕ → ℤ)     (a_ini : a 0 = 8)     (a_rec : ∀ n, a (n + 1) = (3 * a n) / 2)     (b_ini : b 0 = 0)     (b_rec : ∀ n, b (n + 1) = if a n % 2 = 0 then b n + 2 else b n - 1) :     ∀ n, b n ≥ 0
S5-CLM-00004938	BeaverMathOlympiad.beaver_math_olympiad_problem_2_antihydra.variants.set	[BMO#2](https://wiki.bbchallenge.org/wiki/Beaver_Math_Olympiad#2._Hydra_and_Antihydra) formulation variant  Alternative statement of beaver_math_olympiad_problem_2_antihydra using set size comparison instead of a recurrent sequence b.	(a : ℕ → ℕ) (a_ini : a 0 = 8)     (a_rec : ∀ n, a (n + 1) = (3 * a n) / 2) (n : ℕ) :     ((Finset.Ico 0 n).filter fun x ↦ Odd (a x)).card ≤       2 * ((Finset.Ico 0 n).filter fun x ↦ Even (a x)).card
S5-CLM-00004946	EquationalTheories_677_255.Finite.Equation677_implies_Equation255	The negation of `Finite.Equation677_not_implies_Equation255`.  Probably this is false.	(G : Type) [Magma G] [Finite G]     (h : Equation677 G) : Equation255 G
S5-CLM-00004947	EquationalTheories_677_255.Finite.Equation677_not_implies_Equation255	The negation of `Finite.Equation677_implies_Equation255`.  Probably this is true. It would be a stronger form of `Equation677_not_implies_Equation255`.  Discussion thread here: https://leanprover.zulipchat.com/#narrow/channel/458659-Equational/topic/FINITE.3A.20677.20-.3E.20255	:     ∃ (G : Type) (_ : Magma G), Finite G ∧ Equation677 G ∧ ¬ Equation255 G
S5-CLM-00004952	CardinalityLindelof.HasGδSingletons.lindelof_card	Is there a Lindelöf space with singletons as Gδ sets with cardinality greater than the continuum?	:     ∃ (X : Type) (_ : TopologicalSpace X), HasGδSingletons X ∧ LindelofSpace X ∧ 𝔠 < #X
S5-CLM-00004956	CasasAlvero.casas_alvero_conjecture	The Casas-Alvero conjecture states that in characteristic zero, if a monic polynomial `P` has the Casas-Alvero property, then `P = (X - α)ᵈ` for some `α`.	(hP' : HasCasasAlveroProp P) :     ∃ α : K, P = (X - C α) ^ P.natDegree
S5-CLM-00004957	CatchUp.value_of_even_mul_succ_self_div_two	Let $T_N = \sum_{k=1}^{N} k = \frac{N(N+1)}{2}$. If $T_N$ is even (equivalently $N \equiv 0 \pmod 4$ or $N \equiv 3 \pmod 4$), then under optimal play the game `Catch-Up($\{1, \ldots, N\}$)` ends in a draw.	(N : ℕ) (h_even : Even (N * (N + 1) / 2)) :     value (.Icc 1 N) = .draw
S5-CLM-00004958	Chvatal.exists_maximal_star	If F is a decreasing family of sets of some finite type α, then there is some element x of α such that the family consisting of all members of F containing x is an intersecting subfamily of F with maximal cardinality.	:     ∀ F : Finset (Finset α), Decreasing F →         ∃ x : α, ∀ G, G ⊆ F → Intersecting G → G.card ≤ { A ∈ F | x ∈ A }.card
S5-CLM-00004962	ConjugacyClassSizes.conjClassSizes_iff_sym_three	**Markel's $S_3$-conjecture** (1973): any nontrivial finite ah-group is isomorphic to $S_3$.  The conjecture is open in general; it is known to be true for solvable groups.	(G : Type) [Group G] [Fintype G] [Nontrivial G]     (h : HasDistinctConjClassSizes (G := G)) :     Nonempty (G ≃* Equiv.Perm (Fin 3))
S5-CLM-00004964	DeGiorgi.DeGiorgi_eight	De Giorgi's conjecture holds in dimension $n = 8$.	: (DeGiorgi_conclusion 8)
S5-CLM-00004965	DeGiorgi.DeGiorgi_five	De Giorgi's conjecture holds in dimension $n = 5$.	: (DeGiorgi_conclusion 5)
S5-CLM-00004966	DeGiorgi.DeGiorgi_four	De Giorgi's conjecture holds in dimension $n = 4$.	: (DeGiorgi_conclusion 4)
S5-CLM-00004968	DeGiorgi.DeGiorgi_le_eight	De Giorgi's conjecture holds in dimension $n ≤ 8$.	(hn : n ≤ 8) : (DeGiorgi_conclusion n)
S5-CLM-00004970	DeGiorgi.DeGiorgi_seven	De Giorgi's conjecture holds in dimension $n = 7$.	: (DeGiorgi_conclusion 7)
S5-CLM-00004971	DeGiorgi.DeGiorgi_six	De Giorgi's conjecture holds in dimension $n = 6$.	: (DeGiorgi_conclusion 6)
S5-CLM-00004978	DubnerConjecture.dubner_conjecture	Every even number greater than 4208 is the sum of two twin primes.	(n : ℕ) (hn : 4208 < n) (h : Even n) :     ∃ p q : ℕ,       IsTwinPrime p ∧       IsTwinPrime q ∧       p + q = n
S5-CLM-00004979	FusibleNumber.conj_7_1	If `x` is a fusible number and `y` is its successor, then the interval `[x + 1, y + 1)` can be divided into intervals `[ℓₙ, ℓₙ₊₁)`, such that the fusible numbers in `[ℓₙ, ℓₙ₊₁)` are obtained by fusing the `n + 1`st successor of `x` with a fusible number. This formalization differs from Conjecture 7.1 in the paper in four ways: (1) it is obtained from Conjecture 7.1 by plugging in `n + 1` into `n`, which simplifies the expressions   and removes the need to assume `n ≥ 1`; (2) the `n + 1`st successor `s^(n+1)(x)` is replaced by the explicit value `x + (2 - 1 / 2 ^ n) * m`; (3) instead of defining `y` to be the successor of `x`, we assert that there is no fusible number   strictly between `x` and `y`; (4) instead of using `∃ z, IsFusible z ∧ q = s^(n+1)(x) ~ z` we use the value of `z` determined by the equality,   namely `z = 2 * q - 1 - s^(n+1)(x)`, and it is easy to see `z ∈ [x + 1 - m / 2 ^ n, x + 1)` as required.	(x y q : ℚ) (n : ℕ) (fus_x : IsFusible x) (fus_y : IsFusible y) (lt : x < y)     (nmem_Ioo : ∀ z, IsFusible z → z ∉ Set.Ioo x y) :     let m := y - x     let ℓ (n : ℕ) := y + 1 - m / 2 ^ n     IsFusible q → q ∈ Set.Ico (ℓ n) (ℓ (n + 1)) → IsFusible (2 * q - 1 - x - (2 - 1 / 2 ^ n) * m)
S5-CLM-00004981	HartshorneConjecture.harthshorne_conjecture	There are no indecomposable vector bundles of rank 2 on $\mathbb{P}^n$ for $n \ge 7$. This is Conjecture 6.3 in [Har1974].	(n : ℕ) (hn : 7 ≤ n)     (𝓕 : VectorBundles ℙ(Fin (n + 1); Spec (.of ℂ)))     (h𝓕 : 𝓕.rank = 2) :     Nonempty (𝓕.Splitting (Fin 2))
S5-CLM-00004987	KotzigConjecture.kotzig_conjecture	For any tree $T$ with $n$ edges, the complete graph $K_{2n+1}$ decomposes into $2n+1$ edge-disjoint copies of $T$ via cyclic shifts of a single embedding.  The $2n+1$ copies are $f_0, f_1, \dots, f_{2n}$ where $f_i(v) = f_0(v) + i$ for all vertices $v$ — each copy is obtained by adding $i \pmod{2n+1}$ to every vertex of the base copy. This is strictly stronger than `RingelConjecture.ringel_conjecture`.	{V : Type} [Finite V]     (T : SimpleGraph V) (hT : T.IsTree)     (n : ℕ) (hn : T.edgeSet.ncard = n) :     ∃ f : Fin (2 * n + 1) → (V ↪ Fin (2 * n + 1)),       (∀ i v, f i v = f 0 v + i) ∧       Pairwise (fun i j => Disjoint (T.map (f i)).edgeSet (T.map (f j)).edgeSet) ∧       ⨆ i, T.map (f i) = (⊤ : SimpleGraph (Fin (2 * n + 1)))
S5-CLM-00004988	Kurepa.kurepa_conjecture	## Kurepa's conjecture  For all $n$, $$!n\not\equiv 0 \mod n$$  This appears as B44 "Sums of factorials." in [Unsolved Problems in Number Theory](https://doi.org/10.1007/978-0-387-26677-0) by *Richard K. Guy*	(n : ℕ) (h_n : 2 < n) : (!n : ℕ) % n ≠ 0
S5-CLM-00004989	Kurepa.kurepa_conjecture.variants.gcd	An equivalent formulation in terms of the gcd of $n!$ and $!n$.	(n : ℕ) : 2 < n → (n !).gcd (! n) = 2
S5-CLM-00004990	Kurepa.kurepa_conjecture.variants.prime	This statement can be reduced to the prime case only.	(p : ℕ) (h_p : 2 < p) :     p.Prime → (!p : ℕ) % p ≠ 0
S5-CLM-00004999	LatinTableau.SimpleGraph.LatinTableauConjecture	The Latin Tableau Conjecture: If G is the simple graph   of a Young diagram, then G is CDS-colorable.	(μ : YoungDiagram) :      μ.toSimpleGraph.CDSColorable
S5-CLM-00005045	PrimeTuplesConjecture.prime_tuples_conjecture	For any `k ≥ 2`, let `a₁,...,aₖ` and `b₁,...,bₖ` be integers with `aᵢ > 0`. Suppose that for every prime `p` there exists an integer `n` such that `p ∤ ∏ i, (aᵢ n + bᵢ)`. Then there exist infinitely many `n` such that `aᵢ n + bᵢ` is prime for all `i`.	{k : ℕ} (hk : 2 ≤ k) (a : Fin k → ℕ+) (b : Fin k → ℕ)     (hab : ∀ p, p.Prime → ∃ n, ¬ p ∣ ∏ i, (a i * n + b i)) :     Set.Infinite {n | ∀ i : Fin k, (a i * n + b i).Prime}
S5-CLM-00005046	ReedOmegaDeltaChi.reed_conjecture_Δ_6_ω_2	The simplest open case is when $\Delta(G) = 6$ and $\omega(G) = 2$.	:   ∀ {V : Type} (G : SimpleGraph V), G.emaxDegree = 6 ∧ G.cliqueNum = 2 → G.chromaticNumber ≤ 5
S5-CLM-00005047	ReedOmegaDeltaChi.reed_omega_delta_chi_conjecture	For a graph $G$, we define $\Delta(G)$ to be the maximum degree, $\omega(G)$ to be the size of the largest clique subgraph, and $\chi(G)$ to be the chromatic number. Reed's omega, delta, and chi conjecture states that $$\chi(G) \leq \lceil \frac{1}{2}(\omega(G) + \Delta(G) + 1) \rceil.$$	:   ∀ {V : Type} (G : SimpleGraph V),     let χ := G.chromaticNumber     let ω := G.ecliqueNum     let Δ := G.emaxDegree     2 * χ ≤ ω + Δ + 2
S5-CLM-00005048	ReedOmegaDeltaChi.reed_omega_delta_chi_conjecture_for_finite_graphs	For a finite graph $G$, we define $\Delta(G)$ to be the maximum degree, $\omega(G)$ to be the size of the largest clique subgraph, and $\chi(G)$ to be the chromatic number. Reed's omega, delta, and chi conjecture states that $$\chi(G) \leq \lceil \frac{1}{2}(\omega(G) + \Delta(G) + 1) \rceil.$$	:   ∀ {V : Type} [Fintype V] [DecidableEq V] (G : SimpleGraph V) [DecidableRel G.Adj],     let χ := G.chromaticNumber     let ω := G.cliqueNum     let Δ := G.maxDegree     2 * χ ≤ ω + Δ + 2
S5-CLM-00005049	RingelConjecture.ringel_conjecture	For any tree $T$ with $n$ edges, the complete graph $K_{2n+1}$ decomposes into $2n+1$ edge-disjoint copies of $T$.  A "copy" of $T$ is the image $T.\text{map}(f_i)$ of $T$ under a vertex embedding $f_i : V \hookrightarrow \text{Fin}(2n+1)$; the copies are pairwise edge-disjoint and together cover every edge of $K_{2n+1}$.	{V : Type} [Finite V]     (T : SimpleGraph V) (hT : T.IsTree)     (n : ℕ) (hn : T.edgeSet.ncard = n) :     ∃ f : Fin (2 * n + 1) → (V ↪ Fin (2 * n + 1)),       Pairwise (fun i j => Disjoint (T.map (f i)).edgeSet (T.map (f j)).edgeSet) ∧       ⨆ i, T.map (f i) = (⊤ : SimpleGraph (Fin (2 * n + 1)))
S5-CLM-00005051	StrongSensitivityConjecture.strong_sensitivity_conjecture	Strong Sensitivity Conjecture, for every Boolean function `f : {0,1}^n → {0,1}`, `bs(f) ≤ s(f)^2`.  We call this the *strong* sensitivity conjecture because the original sensitivity conjecture only asked for a polynomial bound in terms of `s(f)`. Huang's celebrated result (often called the sensitivity theorem) gives a quartic bound, `bs(f) ≤ s(f)^4`, thereby settling the original conjecture.	{n : ℕ} (f : (Fin n → Bool) → Bool) :     blockSensitivity f ≤ sensitivity f ^ 2
S5-CLM-00005056	VoronovskajaTypeFormula.voronovskaja_theorem.bezier_bernstein_operators.variants.eventually_smooth.limit_exists	Existence-only version of the eventual-smoothness variant. This separates the first part of the source problem, proving that the scaled sequence has some limit, from the stronger task of finding an explicit expression for that limit.	(α : ℝ) (hα_pos : 0 < α) (hα : α ≠ 1) :     ∀ᶠ m : ℕ in atTop,       ∀ (f : ℝ → ℝ) (x : ℝ), x ∈ I → ContDiffOn ℝ m f I →         ∃ L : ℝ,           Tendsto (fun n : ℕ => Real.sqrt n * (bezierBernstein n α f x - f x)) atTop             (𝓝 L)
S5-CLM-00005062	WeaklyFirstCountable.existsWeaklyFirstCountableCompactNotFirstCountable	Problem 3 in [Ar2013]: Give an example in ZFC of a weakly first- countable compact Hausdorff space which is not first countable.  Note: [Ar2013] uses a blanket convention that all spaces are Tychonoff and "compact" means compact Hausdorff.	:     ∃ (X : Type) (_ : TopologicalSpace X),       WeaklyFirstCountableTopology X ∧ CompactSpace X ∧ T2Space X ∧         ¬ FirstCountableTopology X
S5-CLM-00005065	ABC.abc	For every positive real number `ε`, there exist only finitely many triples `(a, b, c)` of coprime positive integers, with `a + b = c`, such that `c > rad(abc)^(1+ε)`	(ε : ℝ) (hε : 0 < ε) :     {(a, b, c) : ℕ × ℕ × ℕ | 0 < a ∧ 0 < b ∧ 0 < c ∧ ({a, b, c} : Set ℕ).Pairwise Nat.Coprime ∧     a + b = c ∧ (radical <| a * b * c : ℝ)^(1 + ε) < c}.Finite
S5-CLM-00005066	ABC.abc.variants.lt_constant_mul	For every positive real number ε, there exists a constant `K_ε` such that for all triples (a, b, c) of coprime positive integers, with a + b = c we have `c < K_ε rad(abc)^(1+ε)`.	(ε : ℝ) (hε : 0 < ε) : ∃ K,     ∀ (a b c : ℕ), 0 < a → 0 < b → 0 < c → ({a, b, c} : Set ℕ).Pairwise Nat.Coprime → a + b = c →     c < K * (radical <| a * b * c : ℝ)^(1 + ε)
S5-CLM-00005067	ABC.abc.variants.quality	For every positive real number ε, there exist only finitely many triples `(a, b, c)` of coprime positive integers with `a + b = c` such that `q(a, b, c) > 1 + ε`.	(ε : ℝ) (hε : 0 < ε) :     {(a, b, c) : ℕ × ℕ × ℕ | 0 < a ∧ 0 < b ∧ 0 < c ∧ ({a, b, c} : Set ℕ).Pairwise Nat.Coprime ∧     a + b = c ∧ quality a b c > (1 + ε)}.Finite
S5-CLM-00005068	AgohGiuga.agoh_giuga	The **Agoh-Giuga Conjecture**, Agoh's formulation	: AgohGiugaCongr
S5-CLM-00005073	AgohGiuga.agoh_giuga.variants.giuga	The **Agoh-Giuga Conjecture**, Giuga's formulation	: AgohGiugaSum
S5-CLM-00005081	AgrawalConjecture.agrawal_conjecture.variants.popovych	**Roman B. Popovych Conjecture.** A stronger version of Agrawal's conjecture, which also considers the congruence $(X+2)^n \equiv X^n + 2 \pmod{n, X^r-1}$. If both congruences hold, then $n$ is either prime or $n^2 \equiv 1 \pmod{r}$. This variant was proposed by Roman B. Popovych in 2018.	:   ∀ (n r : ℕ), n > 1 → r > 0 → n.gcd r = 1 →     let R := Polynomial (ZMod n)     let X : R := Polynomial.X     let I : Ideal R := Ideal.span ({X^r - 1} : Set R)     Ideal.Quotient.mk I ((X - 1)^n) = Ideal.Quotient.mk I (X^n - 1) →     Ideal.Quotient.mk I ((X + 2)^n) = Ideal.Quotient.mk I (X^n + 2) →     (n.Prime ∨ (n^2 : ZMod r) = 1)
S5-CLM-00005085	Andrica.andrica_conjecture	**Andrica's conjecture** The inequality $\sqrt{p_{n+1}}-\sqrt{p_n} < 1$ holds for all $n$, where $p_n$ is the $n$-th prime number.	(n : ℕ) :     Real.sqrt ((n+1).nth Nat.Prime) - Real.sqrt (n.nth Nat.Prime) < 1
S5-CLM-00005087	ArtinPrimitiveRootsConjecture.artin_primitive_roots.parts.i	**Artin's Conjecture on Primitive Roots**, first half. Let $a$ be an integer that is not a square number and not $−1$. Then the set $S(a)$ of primes $p$ such that $a$ is a primitive root modulo $p$ has a positive asymptotic density inside the set of primes. In particular, $S(a)$ is infinite.	(a : ℤ) (ha : ¬IsSquare a) (ha' : a ≠ -1) :     ∃ x > 0, (S a).HasDensity x {p | p.Prime}
S5-CLM-00005088	ArtinPrimitiveRootsConjecture.artin_primitive_roots.parts.ii	**Artin's Conjecture on Primitive Roots**, second half. Write $a = a_0 b^2$ where $a_0$ is squarefree. Under the conditions that $a$ is not a perfect power and $a_0\not\equiv 1\pmod{4}$ (sequence A85397 in the OEIS), the density of the set $S(a)$ of primes $p$ such that $a$ is a primitive root modulo $p$ is independent of $a$ and equals Artin's constant.	(a a_0 b : ℤ) (ha : a = a_0 * b ^ 2)     (ha' : ∀ n m, m ≠ 1 → a ≠ n ^ m) (ha_0 : Squarefree a_0)     (ha_0' : ¬a_0 ≡ 1 [ZMOD 4]) :     (S a).HasDensity ArtinConstant {p | p.Prime}
S5-CLM-00005089	ArtinPrimitiveRootsConjecture.artin_primitive_roots.variants.part_ii_power_squarefreePart_modeq_one	**Artin's Conjecture on Primitive Roots**, second half, power version If $a = b^m$ is a perfect power of a number $b$ whose squarefree part $b_0\equiv 1 \pmod{4}$, then the density of the set $S(a)$ of primes $p$ such that $a$ is a primitive root modulo $p$ is given by $$C \left(\prod_{p \mid m} \frac{p(p-2)}{(p ^ 2 - p - 1)}\right) \left(1 - \prod_{p \mid \gcd(b_0, m)} \frac{1}{2 - p} \prod_{p \mid b_0, p\nmid m} \frac{1}{(1 + p - p ^ 2)}\right),$$ where $C$ is Artin's constant.	(a m b : ℕ) (ha : a = b ^ m) (hb : ∀ u v, 1 < u → b ≠ v ^ u) (hm₁ : 1 < m)     (hm₂ : Odd m) (hb' : b.squarefreePart ≡ 1 [MOD 4]) :     (S a).HasDensity       (ArtinConstant * powCorrectionFactor m * entanglementFactor b m)       {p | p.Prime}
S5-CLM-00005090	ArtinPrimitiveRootsConjecture.artin_primitive_roots.variants.part_ii_power_squarefreePart_not_modeq_one	**Artin's Conjecture on Primitive Roots**, second half, power version If $a = b^m$ is a perfect odd power of a number $b$ whose squarefree part $b_0\not\equiv 1 \pmod{4}$, then the density of the set $S(a)$ of primes $p$ such that $a$ is a primitive root modulo $p$ is given by $$C\prod_{p \mid m} \frac{p(p - 2)}{p^2 - p - 1}$$, where $C$ is Artin's constant.	(a m b : ℕ) (ha : a = b ^ m) (hb : ∀ u v, 1 < u → b ≠ v^u) (hm₁ : 1 < m)     (hm₂ : Odd m) (hb' : ¬ b.squarefreePart ≡ 1 [MOD 4]) :     (S a).HasDensity (ArtinConstant * powCorrectionFactor m) {p | p.Prime}
S5-CLM-00005094	BatemanHornConjecture.bateman_horn_conjecture	**The Bateman-Horn Conjecture** Given a finite collection of distinct irreducible polynomials non-constant $f_1, f_2, \dots, f_k \in \mathbb{Z}[x]$ with positive leading coefficients that satisfy the Schinzel condition, the number of positive integers n ≤ x for which all polynomials $f_i$ are simultaneously prime is asymptotic to: $$C(f_1, f_2, \dots, f_k) x / (log x)^k$$ where $C$ is the Bateman-Horn constant given by the convergent infinite product: $$C = \frac{1}{D}\prod_{p\in\mathbb{P}} (1 - 1/p)^(-k) · (1 - \omega_p/p)$$ Here $\omega_p/p$ is the number of residue classes modulo $p$ for which at least one polynomial vanishes.  The Schinzel condition ensures that for each prime $p$, there exists some integer $n$ such that $p$ does not divide the product $f_(n) f_2(n) \dotsb f_(n)$, which guarantees the infinite product converges to a positive value.	(polys : Finset ℤ[X])     (h_nonempty : polys.Nonempty)     (h_irreducible : ∀ f ∈ polys, BunyakovskyCondition f)     (h_compat : SchinzelCondition polys) :     (fun x : ℝ => (CountSimultaneousPrimes polys x : ℝ)) ~[atTop]     (fun x : ℝ => BatemanHornConstant polys * x / (Real.log x) ^ polys.card)
S5-CLM-00005095	BealConjecture.beal_conjecture	The **Beal Conjecture**: if we are given positive integers $A, B, C, x, y, z$ such that $x, y, z > 2$ and $A^x + B^y = C^z$ then $A, B, C$ have a common divisor.	: bealConjecture
S5-CLM-00005096	BeckFiala.beck_fiala_conjecture	**The Beck–Fiala conjecture**  There exists a universal constant $C > 0$ such that every set system $S_1, \dots, S_m \subseteq [n]$ of degree at most $t$ admits a colouring $\chi \colon [n] \to \{-1, +1\}$ with $\left|\sum_{j \in S_i} \chi(j)\right| \le C \sqrt{t}$ for every $i$.	:     ∃ C : ℝ, 0 < C ∧ ∀ (n m t : ℕ) (S : Fin m → Finset (Fin n)),       (∀ j, (Finset.univ.filter fun i => j ∈ S i).card ≤ t) →       ∃ χ : Fin n → ℝ, (∀ j, χ j = 1 ∨ χ j = -1) ∧         ∀ i, |∑ j ∈ S i, χ j| ≤ C * Real.sqrt t
S5-CLM-00005100	BingBorsuk.bing_borsuk_conjecture	The Bing-Borsuk Conjecture: every $n$-dimensional homogeneous absolute neighborhood retract is a topological $n$-manifold. A topological space $X$ is an $n$-dimensional manifold when `T2Space X ∧ Nonempty (ChartedSpace (Fin n → ℝ) X)`. The hypothesis `[MetrizableSpace X]` implies `T2Space X` so this does not appear in the conclusion.	: ∀ n : ℕ, ∀ (X : Type) [TopologicalSpace X] [MetrizableSpace X] [HomogeneousSpace X] [IsAbsoluteNeighborhoodRetract X],     HasLebesgueCoveringDimensionEq X n → Nonempty (ChartedSpace (Fin n → ℝ) X)
S5-CLM-00005101	Bloch.blochConstant_exact_value	Ahlfors and Grunsky also conjectured in [AG37] that this upper bound is the precise value of the Bloch constant.	:     blochConstant = Real.Gamma (1 / 3) * Real.Gamma (11 / 12) /     (Real.Gamma (1 / 4) * Real.sqrt (1 + Real.sqrt 3))
S5-CLM-00005104	Bloch.landauConstant_exact_value	In [Ra43], Rademacher says that he strongly believed that this upper bound is the precise value of the Landau constant.	:     landauConstant = Real.Gamma (1 / 3) * Real.Gamma (5 / 6) / Real.Gamma (1 / 6)
S5-CLM-00005110	BrennanConjecture.brennan_universalSpectrum	Brennan's conjecture, part 1: $B(-2) = 1$.	:     universalSpectrum (-2) = 1
S5-CLM-00005111	BrennanConjecture.brennan_universalSpectrumBounded	Brennan's conjecture, part 2: $B_b(-2) = 1$.	:     universalSpectrumBounded (-2) = 1
S5-CLM-00005112	Brocard.brocard_conjecture	**Brocard's Conjecture** For every `n ≥ 2`, between the squares of the `n`-th and `(n+1)`-th primes, there are at least four prime numbers.	(n : ℕ) (hn : 1 ≤ n) :     letI prev := n.nth Nat.Prime;     letI next := (n+1).nth Nat.Prime;     4 ≤ ((Ioo (prev^2) (next^2)).filter Nat.Prime).card
S5-CLM-00005115	Buchi.buchi_problem_M5	**Büchi's problem (first open case, $M = 5$)**: For all integers $x$ and $a$, if $(x+n)^2 + a$ is a perfect square for $n = 0, 1, 2, 3, 4$, then $a = 0$.  Non-trivial sequences of length 3 and 4 are known to exist, so $M = 5$ is the first open case.	: IsBuchi 5
S5-CLM-00005116	Bunyakovsky.bunyakovsky_conjecture	**Bunyakovsky conjecture** If a polynomial $f$ over integers satisfies both Schinzel and Bunyakovsky conditions, there exist infinitely many natural numbers $m$ such that $f(m)$ is prime.	(f : ℤ[X]) :     BunyakovskyCondition f ∧ SchinzelCondition {f} →     Infinite {n : ℕ | (f.eval (n : ℤ)).natAbs.Prime}
S5-CLM-00005120	CarmichaelTotient.charmichaelTotient	*Carmichael's totient function conjecture*: For every positive natural number $n$, there exists a natural number $m$ with $m ≠ n$, such that $φ(n) = φ(m)$.	:     ∀ ⦃n : ℕ⦄, 0 < n → CarmichaelTotientFor n
S5-CLM-00005122	Catalan.pillais_conjecture	For positive integers a, b, and c, there are only finitely many positive solutions (x, y, m, n) to the equation $ax^n - by^m = c$ where $(m, n) \neq (2, 2)$ and $x, y > 1$.	(a b c : ℕ) (ha : 0 < a) (hb : 0 < b) (hc : 0 < c) :     { (x, y, m, n) : (ℕ × ℕ × ℕ × ℕ) |       1 < x ∧ 1 < y ∧ 1 < m ∧ 1 < n ∧ (m, n) ≠ (2, 2) ∧       a * x^n - b * y^m = c }.Finite
S5-CLM-00005123	LebesgueNagell.lebesgue_nagell	**Lebesgue-Nagell Equation Conjecture**  For any odd prime $p$, the only integer solutions $(x, y)$ to the equation $x^2 - 2 = y^p$ are $(x, y) = (\pm 1, -1)$.  *Reference:* Ethan Katz and Kyle Pratt, "On the Lebesgue-Nagell equation $x^2 - 2 = y^p$", [arXiv:2507.12397](https://arxiv.org/abs/2507.12397)	(p : ℕ) (hp : p.Prime) (hodd : Odd p) (x y : ℤ) :     x ^ 2 - 2 = y ^ p ↔ (x = 1 ∨ x = -1) ∧ y = -1
S5-CLM-00005126	ClassNumberProblem.class_number_problem	There are infinitely many real quadratic fields `ℚ(√d)` with class number one, where `d > 1` is a squarefree integer.	:     { d : ℤ | Squarefree d ∧ d > 1 ∧ IsClassNumberOne d }.Infinite
S5-CLM-00005128	CollatzConjecture.collatz_conjecture	Now form a sequence beginning with any positive integer, where each subsequent term is obtained by applying the operation defined above to the previous term. The **Collatz conjecture** states that for any positive integer $n$, there exists a natural number $m$ such that the $m$-th term of the sequence is 1.	(n : ℕ) (hn : n > 0) : ∃ m, collatzStep^[m] n = 1
S5-CLM-00005130	CongruentNumber.Tunnell_even_converse	Tunnell's theorem (sufficient condition assuming BSD) for even squarefree congruent numbers.	(n : ℕ) (hsqf : Squarefree n) (heven : Even n) :     2 * (C n).ncard = (D n).ncard → congruentNumber n
S5-CLM-00005132	CongruentNumber.Tunnell_odd_converse	Tunnell's theorem (sufficient condition assuming BSD) for odd squarefree congruent numbers.	(n : ℕ) (hsqf : Squarefree n) (hodd : Odd n) :     2 * (A n).ncard = (B n).ncard → congruentNumber n
S5-CLM-00005137	DeterminantalConjecture.determinantal_conjecture	Does the determinant of the sum $A + B$ of two $n \times n$ normal complex matrices $A$ and $B$ always lie in the convex hull of the $n!$ points $\prod_i (\lambda(A)_i + \lambda(B)_{\sigma(i)})$? Here the numbers $\lambda(A)_i$ and $\lambda(B)_i$ are the eigenvalues of $A$ and $B$, and $\sigma$ is an element of the symmetric group $S_n$.	(n : Type) [Fintype n] [DecidableEq n]     (d1 d2 : n → ℂ) (U1 U2 : unitary (Matrix n n ℂ)) :     (U1 * Matrix.diagonal d1 * star U1 + U2 * Matrix.diagonal d2 * star U2).det       ∈ convexHull ℝ { ∏ i, (d1 i + d2 (σ i)) | σ : Equiv.Perm n }
S5-CLM-00005138	BabaiSeressConjectures.babai_seress_conjecture	**Babai–Seress Conjecture (Conjecture 1.7)**: There exists an absolute constant $C$ such that every finite simple non-abelian group $G$ satisfies $$\operatorname{diam}(G) \leq (\log |G|)^C.$$  *Reference:* [L. Babai and Á. Seress, *On the diameter of permutation groups*, European Journal of Combinatorics 13 (1992), Conjecture 1.7](https://doi.org/10.1016/S0195-6698(05)80029-0)	:     ∃ C : ℕ,     ∀ (G : Type) [Group G] [Fintype G] [IsSimpleGroup G],     (∃ a b : G, a * b ≠ b * a) →     (groupDiam G : ℝ) ≤ (Real.log (Fintype.card G : ℝ)) ^ C
S5-CLM-00005139	BabaiSeressConjectures.babai_seress_conjecture_alternating	**Babai–Seress Conjecture (Conjecture 1.5)**: There exists an absolute constant $C$ such that the diameter of the alternating group $A_n$ satisfies $$\operatorname{diam}(A_n) \leq n^C.$$  *Reference:* [L. Babai and Á. Seress, *On the diameter of permutation groups*, European Journal of Combinatorics 13 (1992), Conjecture 1.5](https://doi.org/10.1016/S0195-6698(05)80029-0)	:     ∃ C : ℕ, ∀ n : ℕ,     (groupDiam (alternatingGroup (Fin n)) : ℝ) ≤ (n : ℝ) ^ C
S5-CLM-00005140	Dickson.dickson_conjecture	**Dickson's conjecture** If a finite set of linear integer forms $f_i(n) = a_i n+b_i$ satisfies Schinzel condition, there exist infinitely many natural numbers $m$ such that $f_i(m)$ are primes for all $i$.	(fs : Finset ℤ[X]) (hfs : ∀ f ∈ fs, f.degree = 1 ∧ BunyakovskyCondition f)     (hfs' : SchinzelCondition fs) : Infinite {n : ℕ | ∀ f ∈ fs, (f.eval (n : ℤ)).natAbs.Prime}
S5-CLM-00005141	Dickson.infinite_cousin_primes	**The infinitude of cousin primes** There are infinitely many primes $p$ such that $p + 4$ is prime.	:     Infinite {p : ℕ | Prime p ∧ Prime (p + 4)}
S5-CLM-00005142	Dickson.infinite_safe_primes	**The infinitude of Sophie Germain primes** There are infinitely many primes $p$ such that $2p + 1$ is prime.	:     Infinite {p : ℕ | Prime p ∧ Prime (2 * p + 1)}
S5-CLM-00005143	Dickson.infinite_sexy_primes	**The infinitude of sexy primes** There are infinitely many primes $p$ such that $p + 6$ is prime.	:     Infinite {p : ℕ | Prime p ∧ Prime (p + 6)}
S5-CLM-00005144	Dickson.polignac_conjecture	**Polignac's conjecture** For any integer $k$ there are infinitely many primes $p$ such that $p + 2k$ is prime.	(k : ℕ) :     Infinite {p : ℕ | p.Prime ∧ (p + 2 * k).Prime}
S5-CLM-00005145	ElliottHalberstamConjecture.elliott_halberstam	The Elliott–Halberstam conjecture: for every $\theta < 1$ and $A > 0$ there exists a constant $C > 0$ such that $$\sum_{1 \le q \le x^{\theta}} E(x; q) \le \frac{C x}{\log^A x}$$ for all $x > 2$.	(θ : ℝ) (hθ : θ < 1) (A : ℝ) (hA : 0 < A) :     ∃ C > (0 : ℝ), ∀ x : ℕ, 2 < x →       ∑ q ∈ Finset.Icc 1 ⌊(x : ℝ) ^ θ⌋₊, E x q ≤ C * x / Real.log x ^ A
S5-CLM-00005151	EllipticCurveRank.RatEllipticCurve.finite_twentyone_lt_finrank	From [PPVW2016], Section 8.2: "Our heuristic predicts (a) All but finitely many E ∈ ℰ satisfy rk E(ℚ) ≤ 21". In other words, there are only finitely many elliptic curves over ℚ (up to isomorphism) with rank greater than 21. Notice that this contradicts the previous conjecture.	: {E : RatEllipticCurve | 21 < E.rank}.Finite
S5-CLM-00005152	EllipticCurveRank.RatEllipticCurve.half_rank_zero_and_half_rank_one	Conjecture by Goldfeld and Katz–Sarnak: if elliptic curves over ℚ are ordered by their heights, then 50% of the curves have rank 0 and 50% have rank 1. See p. 28 of https://people.maths.bris.ac.uk/~matyd/BSD2011/bsd2011-Bhargava.pdf.	(r : ℕ) (hr : r = 0 ∨ r = 1) :     atTop.Tendsto       (fun H ↦ ({E ∈ heightLE H | E.rank = r}.ncard / (heightLE H).ncard : ℝ)) (𝓝 (1 / 2))
S5-CLM-00005153	EllipticCurveRank.RatEllipticCurve.rank_height_count_asymptotic	[PPVW2016] 8.2(b): for 1 ≤ r ≤ 20, the number of elliptic curves over ℚ with rank `r` and naïve height at most `H` is asymptotically `H ^ ((21 - r) / 24 + o(1))`. Note: ℰ_H in 8.2(b) should be ℰ_{≤H}, see the statement of Theorem 7.3.3. When `r = 1`, the exponent is `20 / 24 = 5 / 6`, which agrees with the exponent in `card_heightLE_div_pow_five_div_six_tensto` and is consistent with `half_rank_zero_and_half_rank_one`.	(r : ℕ) (h₁ : 1 ≤ r) (h₂ : r ≤ 20) :     ∃ f : ℕ → ℝ, atTop.Tendsto f (𝓝 0) ∧       ∀ H : ℕ, 1 < H → {E ∈ heightLE H | r ≤ E.rank}.ncard = (H : ℝ) ^ ((21 - r) / 24 + f H)
S5-CLM-00005154	EllipticCurveRank.RatEllipticCurve.twentyone_le_rank_height_count_asymptotic	[PPVW2016] 8.2(c): the number of elliptic curves over ℚ with rank ≥ 21 and naïve height at most `H` is asymptotically at most `H ^ o(1)`.	:     ∃ f : ℕ → ℝ, atTop.Tendsto f (𝓝 0) ∧       ∀ H : ℕ, 1 < H → {E ∈ heightLE H | 21 ≤ E.rank}.ncard ≤ (H : ℝ) ^ f H
S5-CLM-00005155	EllipticCurveRank.RatEllipticCurve.unbounded_rank_conjecture	From [PPVW2016], Section 3.1: "from the mid-1960s to the present, it seems that most experts conjectured unboundedness."	(n : ℕ) : ∃ E : RatEllipticCurve, n ≤ E.rank
S5-CLM-00005156	EllipticCurveRank.WeierstrassCurve.rank_elkies28	The rank of the Elkies curve is exactly 28.	: finrank ℤ elkies28⟮ℚ⟯ = 28
S5-CLM-00005157	EllipticCurveRank.WeierstrassCurve.rank_elkiesKlagsbrun29	The rank of the Elkies-Klagsbrun curve is exactly 29.	: finrank ℤ elkiesKlagsbrun29⟮ℚ⟯ = 29
S5-CLM-00005160	ErdosMoser.erdos_moser_conjecture	The only positive solution of $S_k(m)=m^k$ is $(k,m)=(1,3)$.	:     ∀ k m : ℕ, 0 < k → 0 < m → powerSum k m = m ^ k → k = 1 ∧ m = 3
S5-CLM-00005164	EulerBrick.cuboidThree	The third Cuboid conjecture	: CuboidThree
S5-CLM-00005165	EulerBrick.cuboidTwo	The second Cuboid conjecture	: CuboidTwo
S5-CLM-00005170	EulerSumOfPowers.eulers_sum_of_powers_conjecture	Euler's sum of powers conjecture states that for integers $n > 1$ and $k > 1$, if the sum of $n$ positive integers each raised to the $k$-th power equals another integer raised to the $k$-th power, then $n ≥ k$.  The conjecture is known to be false for $k = 4$ and $k = 5$, but remains open for $k ≥ 6$.	(n k b : ℕ) (hn : 1 < n) (hk : 5 < k) (a : Fin n → ℕ)     (ha : ∀ i, a i > 0) (hsum : ∑ i, (a i) ^ k = b ^ k) : k ≤ n
S5-CLM-00005173	Exponentials.four_exponentials_conjecture	**Four exponentials conjecture** Let $x_0, x_1$ and $y_0, y_1$ be $\mathbb Q$-linearly independent pairs of complex numbers, then some $e^{x_i y_j}$ is transcendental.	(x : Fin 2 → ℂ) (y : Fin 2 → ℂ)     (h1 : LinearIndependent ℚ x) (h2 : LinearIndependent ℚ y) :     ∃ i j : Fin 2, Transcendental ℚ (exp (x i * y j))
S5-CLM-00005174	Exponentials.two_pow_three_pow_transcendental	The four exponential conjecture would imply that for any irrational number $t$, at least one of the numbers $2^t$ and $3^t$ is transcendental.	(t : ℝ) (h : Irrational t) :     Transcendental ℚ (2 ^ t : ℝ) ∨ Transcendental ℚ (3 ^ t : ℝ)
S5-CLM-00005175	FactorialPrime.infinitely_many_factorial_primes	There are infinitely many factorial primes.	:     Set.Infinite {p : ℕ | IsFactorialPrime p}
S5-CLM-00005176	FeitThompsonPrimeConjecture.feit_thompson_primes	There are no distinct primes $p$ and $q$ such that $\frac{q^p - 1}{q - 1}$ divides $\frac{p^q - 1}{p - 1}$	(p q : ℕ) (hp : p.Prime) (hq : q.Prime) (h : p < q) :     ¬ (q ^ p - 1) / (q - 1) ∣ (p ^ q - 1) / (p - 1)
S5-CLM-00005181	FermatCatalanConjecture.fermat_catalan	The **Fermat–Catalan conjecture** states that the equation $a^m + b^n = c^k$ has only finitely many solutions $(a,b,c,m,n,k)$ with distinct triplets of values $(a^m, b^n, c^k)$ where $a, b, c$ are positive coprime integers and $m, n, k$ are positive integers satisfying $\frac 1 m + \frac 1 n + \frac 1 k < 1$.	: fermatCatalanConjecture
S5-CLM-00005183	FibonacciPrimes.fib_primes_infinite	There are infinitely many Fibonacci primes, i.e., Fibonacci numbers that are prime It is also a barrier to defining a benchmark from this paper: https://arxiv.org/html/2505.13938v1 (see Figure 8).	: {n : ℕ | (∃ m : ℕ, m.fib = n) ∧ n.Prime}.Infinite
S5-CLM-00005184	FibonacciPrimes.fib_primes_infinite.variant	There are infinitely many indices $i$, such that the $i$-th Fibonacci is prime.	: {n : ℕ | n.fib.Prime}.Infinite
S5-CLM-00005185	Firoozbakht.firoozbakht_conjecture	**Firoozbakht's conjecture** The inequality $\sqrt[n+1]{p_{n+1}} < \sqrt[n]{p_n}$ holds for all prime numbers $p_n$.	(n : ℕ) :     firoozbakhtSeq (n+1) < firoozbakhtSeq n
S5-CLM-00005192	GapConjecture.gap_conjecture	If a finitely generated group has superpolynomial growth, then with respect to any finite generating set its growth function is at least $e^{\sqrt n}$ in Grigorchuk's preorder on growth functions, where the comparison is witnessed by linearly rescaling the radius.	:     ∀ (G : Type) [Group G] (S : Set G), S.Finite → Subgroup.closure S = ⊤ →       HasSuperPolynomialGrowth G →       ∃ C : ℕ, 0 < C ∧         ∀ᶠ n : ℕ in atTop, Real.exp (Real.sqrt (n : ℝ)) ≤           (GrowthFunction S (C * n) : ℝ)
S5-CLM-00005193	GaussCircleProblem.error_isBigO	It is conjectured that the correct bound is $$   |E(r)| = O\left(r^{1/2 + o(1)}\right) $$  [Ha59]  Hardy, G. H. (1959). _Ramanujan: Twelve Lectures on Subjects Suggested by His Life and Work_(3rd ed.). New York: Chelsea Publishing Company. p. 67  See also https://arxiv.org/abs/2305.03549	: ∃ (o : ℝ → ℝ) (_ : Tendsto o atTop (𝓝 0)),     E =O[atTop] fun r => r ^ (1/2 + o r)
S5-CLM-00005197	Gilbreath.gilbreath_conjecture	**Gilbreath's conjecture** Gilbreath's conjecture states that every term in the sequence $d^k_0$ for $k > 0$ is equal to 1.	(k : ℕ+) : d k 0 = 1
S5-CLM-00005200	Goormaghtigh.goormaghtigh_conjecture	The only Goormaghtigh numbers are $31$ and $8191$.	(N : ℕ) (hN : IsGoormaghtighNumber N) :     N = 31 ∨ N = 8191
S5-CLM-00005201	GracefulLabeling.graceful_tree_conjecture	Every tree admits a graceful labeling.  A graceful labeling of a tree $T$ with $m$ edges is an injective map $f : V \to \{0, \dots, m\}$ such that the multiset of absolute differences $|f(u) - f(v)|$ over edges $\{u,v\}$ of $T$ equals $\{1, \dots, m\}$.	{V : Type*} [Fintype V] [DecidableEq V]     (T : SimpleGraph V) [DecidableRel T.Adj] (hT : T.IsTree) :     let m := T.edgeFinset.card     ∃ f : V → ℕ,       Function.Injective f ∧       (∀ v, f v ≤ m) ∧       T.edgeFinset.image (fun e =>         e.lift ⟨fun u v => Int.natAbs ((f u : ℤ) - (f v : ℤ)),                 fun u v => by                   show ((f u : ℤ) - f v).natAbs = ((f v : ℤ) - f u).natAbs                   rw [← Int.natAbs_neg, neg_sub]⟩) = Finset.Icc 1 m
S5-CLM-00005202	Grimm.grimm_conjecture	**Grimm's Conjecture** If $n, n+1, \dots, n+k-1$ are all composite numbers, then there are $k$ distinct primes $p_i$ such that $p_i$ divides $n + i$ for all $0 \le i \le k-1$.	(n k : ℕ) (hn : 1 ≤ n) (hk : 1 ≤ k)     (h : ∀ i : Fin k, (n + i).Composite) :     ∃ ps : Fin k ↪ ℕ,  ∀ i : Fin k, (ps i).Prime ∧ ps i ∣ (n + i)
S5-CLM-00005203	Grimm.grimm_conjecture_weak	**Grimm's Conjecture, weaker version** If $n, n+1, \dots, n+k-1$ are all composite numbers, then their product has at least $k$ distinct prime divisors.	(n k : ℕ) (hn : 1 ≤ n) (hk : 1 ≤ k)     (h : ∀ i : Fin k, (n + i).Composite) :     ∃ ps : Fin k ↪ ℕ,  ∀ i : Fin k, (ps i).Prime ∧ ∃ j : Fin k, ps i ∣ (n + j)
S5-CLM-00005205	Hadamard.HadamardConjecture	There exists a Hadamard matrix for all $n = 4k$.	(k : ℕ) : ∃ M, IsHadamard (n := 4 * k) M
S5-CLM-00005207	Hadamard.HadamardConjecture.variants.«167»	The smallest order for which no Hadamard matrix is presently known is $668 = 4 * 167$.	: ∃ M, IsHadamard (n := 4 * 167) M
S5-CLM-00005209	Hall.hall_conjecture	Original Hall's conjecture with exponent $1/2$.	: HallConjectureExp 2⁻¹
S5-CLM-00005210	Hall.weak_hall_conjecture	Weak form of Hall's conjecture: relax the exponent from $1/2$ to $1/2 - \varepsilon$.	(ε : ℝ) (hε : ε > 0) : HallConjectureExp (2⁻¹ - ε)
S5-CLM-00005211	HardyLittlewood.first_hardy_littlewood_conjecture	Let $P = (m_1, \dots, m_k)$ be a tuple of positive even integers. Let $\pi_P(n)$ denote the number of primes $p\leq n$ such that $(p, p + m_1, \dots, p + m_k)$ forms an admissible prime constellation. Let $w(q; m_1, \dots, m_k)$ denote the number of distinct residues of $0, m_1, \dots, m_k$ modulo $q$, and let $$   C_P = 2 ^ k\prod_{\substack{q\ \text{prime} \\ q\geq 3}}     \frac{1 - \frac{w(q; m_1, \dots, m_k)}{q}}{\left(1 - \frac{1}{q}\right)^{k+1}}. $$ Then $$   \pi_P(n)\sim C_P\int_2^n\frac{dt}{\log^{k+1}t}. $$	{k : ℕ} (m : Fin k.succ → ℕ) :     FirstHardyLittlewoodConjectureFor m
S5-CLM-00005213	HardyLittlewood.second_hardy_littlewood_conjecture	For integers $x, y \geq 2$, $$   \pi(x + y) \leq \pi(x) + \pi(y), $$ where $\pi(z)$ denotes the prime-counting function, giving the number of primes up to and including $z$.	{x y : ℕ} (hx : 2 ≤ x) (hy : 2 ≤ y) :     SecondHardyLittlewoodConjectureFor x y
S5-CLM-00005220	InvariantSubspaceProblem.Invariant_subspace_problem	Show that every bounded linear operator `T : H → H` on a separable Hilbert space `H` of dimension at least 2 has a non-trivial closed `T`-invariant subspace: a closed linear subspace `W` of `H`, which is different from `H` and from `{0}`, such that `T ( W ) ⊂ W`. One needs the assumption that the dimension of `H` is at least 2 because otherwise any subspace would be either `H` or `{0}`.	[InnerProductSpace ℂ H] [TopologicalSpace.SeparableSpace H]     [CompleteSpace H] (hdim : 2 ≤ Module.rank ℂ H) (T : H →L[ℂ] H) :     Nonempty (ClosedInvariantSubspace T)
S5-CLM-00005225	InverseGalois.inverse_galois_problem	The **Inverse Galois Problem**: every finite group is isomorphic to the Galois group of a Galois extension of the rationals.	{G : Type*} [Fintype G] [Group G] :     IsRealizable ℚ G
S5-CLM-00005242	JugglerConjecture.juggler_conjecture	Now form a sequence beginning with any positive integer, where each subsequent term is obtained by applying the operation defined above to the previous term. The **Juggler Conjecture** states that for any positive integer $n$, there exists a natural number $m$ such that the $m$-th term of the sequence is $1$.	(n : ℕ) (hn : n > 0) : ∃ m, jugglerStep^[m] n = 1
S5-CLM-00005246	Kakeya.kakeya_set_conjecture	The Kakeya set conjecture: Kakeya sets in $\mathbb{R}^n$ have Hausdorff dimension $n$.	(n : ℕ) (hn : n > 0) :     KakeyaSetConjectureDim n
S5-CLM-00005251	Kaplansky.idempotent_conjecture	**The idempotent conjecture**  If `G` is torsion-free, then `K[G]` has no non-trivial idempotents.	(a : MonoidAlgebra K G) (h : IsIdempotentElem a) :     a = 0 ∨ a = 1
S5-CLM-00005252	Kaplansky.zero_divisor_conjecture	**The zero-divisor conjecture**  If `G` is torsion-free, then the group algebra `K[G]` has no non-trivial zero divisors.	: NoZeroDivisors (MonoidAlgebra K G)
S5-CLM-00005253	Koethe.KotheConjecture	The **Köthe conjecture**: In any ring, the sum of two nil left ideals is nil.	(I J : Ideal R) (hI : IsNil I) (hJ : IsNil J) : IsNil (I + J)
S5-CLM-00005254	Koethe.KotherConjecture.variants.general_matrix	The **Köthe conjecture**: for any nil ideal `I` of `R`, the matrix ideal `M_n(I)` is a nil ideal of the matrix ring `M_n(R)`.	{I : TwoSidedIdeal R} (hI : IsNil I)     (n : Type*) [Fintype n] : IsNil (matrix n I)
S5-CLM-00005255	Koethe.KotherConjecture.variants.le_KotherRadical	The **Köthe conjecture**: every left nil radical is contained in the Köthe radical.	{I : Ideal R} (hI : IsNil I) :     (I : Set R) ⊆ KotheRadical R
S5-CLM-00005256	Koethe.KotherConjecture.variants.matrixOver_KotherRadical	The **Köthe conjecture**: for any positive integer `n`, the Köthe radical of `R` is the matrix ideal `M_2(Nil*(R))`.	{I : TwoSidedIdeal R} (hI : IsNil I) (n : Type*) [Fintype n] :     matrix n (Nil* R) = Nil* (Matrix n n R)
S5-CLM-00005257	Koethe.KotherConjecture.variants.two_by_two_matrix	The **Köthe conjecture**: for any nil ideal `I` of `R`, the matrix ideal `M_2(I)` is a nil ideal of the matrix ring `M_2(R)`.	{I : TwoSidedIdeal R} (hI : IsNil I) :     IsNil (matrix (Fin 2) I)
S5-CLM-00005259	KomlosConjecture.komlos_conjecture	**The Komlós conjecture**  There exists a universal constant $K > 0$ such that for all $n, m \in \mathbb{N}$ and all vectors $v_1, \dots, v_n \in \mathbb{R}^m$ with $\|v_i\|_2 \le 1$ (encoded here as $\sum_j v_{ij}^2 \le 1$), there exist signs $\varepsilon_i \in \{-1, +1\}$ such that $\left\|\sum_i \varepsilon_i v_i\right\|_\infty \le K$, i.e. $\left|\sum_i \varepsilon_i v_{ij}\right| \le K$ for every coordinate $j$.	:     ∃ K : ℝ, 0 < K ∧ ∀ (n m : ℕ) (v : Fin n → Fin m → ℝ),       (∀ i, ∑ j, (v i j) ^ 2 ≤ 1) →       ∃ ε : Fin n → ℝ, (∀ i, ε i = 1 ∨ ε i = -1) ∧         ∀ j, |∑ i, ε i * v i j| ≤ K
S5-CLM-00005261	KummerVandiver.kummer_vandiver	Kummer–Vandiver conjecture states that for every prime $p$, the class number of the maximal real subfield of $\mathbb{Q}(\zeta_p)$ is not divisible by $p$. -	(p : ℕ+) (hp : p.Prime) :     ¬ ↑p ∣ (classNumber (maximalRealSubfield (CyclotomicField p ℚ)))
S5-CLM-00005262	LanderParkinSelfridge.lander_parkin_selfridge	The Lander–Parkin–Selfridge conjecture: if the sum of $n$ positive integer $k$-th powers equals the sum of $m$ positive integer $k$-th powers, with all values on the left distinct from all values on the right, then $n + m \geq k$.  Formally, for positive integers $k, n, m \in \mathbb{N}$ and sequences $x : \{0, \ldots, n-1\} \to \mathbb{N}$ and $y : \{0, \ldots, m-1\} \to \mathbb{N}$ with $x_i > 0$, $y_j > 0$, and $x_i \neq y_j$ for all $i, j$, if $$\sum_{i=0}^{n-1} x_i^k = \sum_{j=0}^{m-1} y_j^k,$$ then $k \leq n + m$.	:     ∀ (k n m : ℕ) (x : Fin n → ℕ) (y : Fin m → ℕ),       0 < n → 0 < m →       (∀ i, 0 < x i) → (∀ j, 0 < y j) →       (∀ i j, x i ≠ y j) →       ∑ i, x i ^ k = ∑ j, y j ^ k →       k ≤ n + m
S5-CLM-00005263	LanderParkinSelfridge.lander_parkin_selfridge.variants.five_three	Special case of the Lander–Parkin–Selfridge conjecture: there is no solution in positive integers to $$x_1^5 + x_2^5 + x_3^5 = y^5.$$ That is, for all $x_1, x_2, x_3, y \in \mathbb{N}$ with $x_1, x_2, x_3, y > 0$, $$x_1^5 + x_2^5 + x_3^5 \neq y^5.$$ This corresponds to the case $k = 5$, $n = 3$, $m = 1$ of the general conjecture, where $n + m = 4 < 5 = k$ would be required to yield a counterexample.	:     ∀ x₁ x₂ x₃ y : ℕ,       0 < x₁ → 0 < x₂ → 0 < x₃ → 0 < y →       x₁ ^ 5 + x₂ ^ 5 + x₃ ^ 5 ≠ y ^ 5
S5-CLM-00005267	LehmerMahlerMeasureProblem.lehmer_mahler_measure_problem	Let `M(f)` denote the Mahler measure of `f`. There exists a constant `μ>1` such that for any `f(x)∈ℤ[x], M(f)>1 → M(f)≥μ`.	:     ∃ μ : ℝ, ∀ f : ℤ[X],       μ > 1 ∧ (mahlerMeasureZ f > 1 → mahlerMeasureZ f ≥ μ)
S5-CLM-00005268	LehmerMahlerMeasureProblem.lehmer_mahler_measure_problem.variants.best	`μ=M(X^10 + X^9 - X^7 - X^6 - X^5 - X^4 - X^3 + X + 1)` is the best value for `lehmer_mahler_measure_problem`.	(f : ℤ[X])     (hf : mahlerMeasureZ f > 1) : mahlerMeasureZ f ≥ mahlerMeasureZ lehmerPolynomial
S5-CLM-00005276	Lemoine.lemoine_conjecture	For all odd integers $n ≥ 7$ there are prime numbers $p,q$ such that $n = p+2q$.	(n : ℕ) (hn : 6 < n) (odd : Odd n) :     ∃ (p q : ℕ), p.Prime ∧ q.Prime ∧ p + 2 * q = n
S5-CLM-00005277	Lemoine.lemoine_conjecture_extension	For all odd integers $n ≥ 9$ there are odd prime numbers $p,q,r,s$ and natural numbers $a,b$ such that $p+2q = n$, $2+pq = 2^a+r$, $2p+q = 2^b+s$	(n : ℕ) (hn : 8 < n) (odd : Odd n) :     ∃ (p q r s a b : ℕ), OddPrime p ∧ OddPrime q ∧ OddPrime r ∧ OddPrime s ∧     p + 2 * q = n ∧ 2 + p * q = 2 ^ a + r ∧ 2 * p + q = 2 ^ b + s
S5-CLM-00005278	LittlewoodConjecture.littlewood_conjecture	For any two real numbers $\alpha$ and $\beta$, $$   \liminf_{n\to\infty} n\||n\alpha\||\||n\beta\|| = 0 $$ where $\||x\|| := \min(|x - \lfloor x \rfloor|, |x - \lceil x \rceil|)$ is the distance to the nearest integer.	(α β : ℝ) :     atTop.liminf (fun (n : ℕ) ↦ n * distToNearestInt (n * α) * distToNearestInt (n * β)) = 0
S5-CLM-00005279	LittlewoodConjecture.padic_littlewood_conjecture	For real number $\alpha$ and prime $p$, $$   \liminf_{n \to\infty} n |n|_{p}\||n\alpha\|| = 0 $$ where $\||x\|| := \min(|x - \lfloor x \rfloor|, |x - \lceil x \rceil|)$ is the distance to the nearest integer, and $|x|_{p}$ is the $p$-adic norm.	(α : ℝ) (p : ℕ) (hp : p.Prime) :     atTop.liminf (fun (n : ℕ) ↦ n * padicNorm p n * distToNearestInt (n * α)) = 0
S5-CLM-00005280	LonelyRunnerConjecture.lonely_runner_conjecture	Consider $n$ runners on a circular track of unit length. At the initial time $t = 0$, all runners are at the same position and start to run; the runners' speeds are constant, all distinct, and may be negative. A runner is said to be lonely at time $t$ if they are at a distance (measured along the circle) of at least $\frac 1 n$ from every other runner. The lonely runner conjecture states that each runner is lonely at some time, no matter the choice of speeds.	(n : ℕ)     (speed : Fin n ↪ ℝ) (lonely : Fin n → ℝ → Prop)     (lonely_def :       ∀ r t, lonely r t ↔         ∀ r2 : Fin n, r2 ≠ r →         dist (t * speed r : UnitAddCircle) (t * speed r2) ≥ 1 / n)     (r : Fin n) : ∃ t ≥ 0, lonely r t
S5-CLM-00005286	Mahler32.mahler_conjecture	The **Mahler Conjecture** states that there are no non-zero Z-numbers.	(x : ℝ) (h : x ≠ 0) (hx : IsZNumber x) : False
S5-CLM-00005288	Mandelbrot.MLC	The MLC conjecture, stating that the mandelbrot set is locally connected.	: LocallyConnectedSpace mandelbrotSet
S5-CLM-00005289	Mandelbrot.MLC_general_exponent	A stronger version of the MLC conjecture, stating that all multibrots are locally connected. Note that we don't need to require `2 ≤ n` because the conjecture holds in the trivial cases `n = 0` and `n = 1` too.	(n : ℕ) : LocallyConnectedSpace (multibrotSet n)
S5-CLM-00005290	Mandelbrot.density_of_hyperbolicity	The density of hyperbolicity conjecture, stating that the set of all parameters `c` for which `fun z ↦ z ^ 2 + c` has an attracting cycle is dense in the Mandelbrot set.	:     mandelbrotSet ⊆ closure {c | ∃ m z, IsAttractingCycle (fun z ↦ z ^ 2 + c) m z}
S5-CLM-00005291	Mandelbrot.density_of_hyperbolicity_general_exponent	The density of hyperbolicity conjecture for Multibrot sets, stating that the set of all parameters `c` for which `fun z ↦ z ^ n + c` has an attracting cycle is dense in `multibrotSet n`. Note that we need to require `2 ≤ n` because the conjecture is trivially false for `n = 1`.	{n : ℕ} (hn : 2 ≤ n) :     multibrotSet n ⊆ closure {c | ∃ m z, IsAttractingCycle (fun z ↦ z ^ n + c) m z}
S5-CLM-00005292	Mandelbrot.volume_frontier_mandelbrotSet_eq_zero	The boundary of the Mandelbrot set is conjectured to have zero area.	: volume (frontier mandelbrotSet) = 0
S5-CLM-00005293	Mandelbrot.volume_frontier_multibrotSet_eq_zero	The boundary of any Multibrot set is conjectured to have zero area. Note that we don't need to exclude the trivial cases `n = 0` and `n = 1` because the conjecture holds for them.	{n : ℕ} : volume (frontier (multibrotSet n)) = 0
S5-CLM-00005296	Mersenne.new_mersenne_conjecture	For any odd natural number `p` if two of the following conditions hold, then all three must hold: 1. $2^p-1$ is prime 2. $(2^p+1)/3$ is prime 3. Exists a number `k` such that $p = 2^k \\pm 1$ or $p = 4^k \\pm 3$	(p : ℕ) (hp : Odd p) :     NewMersenneConjectureStatement p
S5-CLM-00005297	Mersenne.new_mersenne_conjecture.variants.prime	The New Mersenne Conjecture statement holds for odd primes.	(p : ℕ) (hp : p.Prime) (h : Odd p) :     NewMersenneConjectureStatement p
S5-CLM-00005317	NormalNumber.pi_normal_base_ten	$\pi$ is normal in base 10.	: IsNormalInBase 10 π
S5-CLM-00005318	Oppermann.oppermann_conjecture	**Oppermann's Conjecture**: For every integer $x \ge 2$, the following hold: - There exists a prime between $x(x-1)$ and $x^2$. - There exists a prime between $x^2$ and $x(x+1)$.	(x : ℕ) (hx : 2 ≤ x) :     (∃ p ∈ Ioo (x * (x - 1)) (x^2), p.Prime) ∧     (∃ p ∈ Ioo (x^2) (x * (x + 1)), p.Prime)
S5-CLM-00005320	Oppermann.oppermann_conjecture.parts.i	For every integer $x \ge 2$ there exists a prime between $x(x-1)$ and $x^2$.	(x : ℕ) (hx : 2 ≤ x) :     ∃ p ∈ Ioo (x * (x - 1)) (x^2), p.Prime
S5-CLM-00005321	Oppermann.oppermann_conjecture.parts.ii	For every integer $x \ge 2$ there exists a prime between $x^2$ and $x(x+1)$.	(x : ℕ) (hx : 2 ≤ x) :     ∃ p ∈ Ioo (x^2) (x * (x + 1)), p.Prime
S5-CLM-00005322	PebblingNumberConjecture.pebbling_number_conjecture	The pebbling number conjecture: the pebbling number of a Cartesian product of connected graphs is at most equal to the product of the pebbling numbers of the factors. See [Asplund, Hurlbert, and Kenter](https://arxiv.org/abs/1801.07808).	{W : Type} [Fintype V] [Fintype W] [DecidableEq W]     (G : SimpleGraph V) (H : SimpleGraph W) (hG : G.Connected) (hH : H.Connected) :     PebblingNumber (G □ H) ≤ PebblingNumber G * PebblingNumber H
S5-CLM-00005323	PellNumbers.infinite_pellNumber_primes	There are infinitely many prime Pell numbers	: Infinite {n : ℕ | Prime (pellNumber n)}
S5-CLM-00005328	PerfectNumbers.odd_perfect_number_conjecture	**Odd Perfect Number Conjecture.** The Odd Perfect Number Conjecture states that all perfect numbers are even.  *Reference:* [Wikipedia](https://en.wikipedia.org/wiki/Perfect_number#Odd_perfect_numbers)	(n : ℕ) (hn : Perfect n) : Even n
S5-CLM-00005329	PierceBirkhoff.pierce_birkhoff_conjecture	The Pierce-Birkhoff conjecture states that for every real piecewise-polynomial function `f : ℝⁿ → ℝ`, there exists a finite set of polynomials `gᵢⱼ ∈ ℝ[x₁, ..., xₙ]` such that `f = supᵢ infⱼ(gᵢⱼ)`.	{n : ℕ} (f : (Fin n → ℝ) → ℝ)     (hf : IsPiecewiseMvPolynomial f) :     ∃ (ι κ : Type) (g : ι → κ → MvPolynomial (Fin n) ℝ), Finite ι ∧ Finite κ ∧       ∀ x, f x = ⨆ i, ⨅ j, MvPolynomial.eval x (g i j)
S5-CLM-00005332	PierpontPrime.infinitely_many_pierpont_primes	There are infinitely many Pierpont primes.	:     Set.Infinite {p : ℕ | IsPierpontPrime p}
S5-CLM-00005333	PollocksConjecture.pollock_tetrahedral	Pollock's (tetrahedral numbers) conjecture: every integer is the sum of at most $5$ tetrahedral numbers.	(N : ℕ) :     ∃ f : Fin 5 → ℕ, N = ∑ i, tetrahedral (f i)
S5-CLM-00005334	PollocksConjecture.pollock_tetrahedral.salzer_levine	Salzer–Levine strengthening (as stated on Wikipedia/OEIS): there are exactly $241$ integers that are not a sum of $4$ tetrahedral numbers, and the largest is $343867$.	:     IsGreatest NotSumOfFourTetrahedral 343867
S5-CLM-00005336	PompeiuProblem.not_hasPompeiuProperty_imp_ball	The hard direction, the open part of the Pompeiu problem: any admissible domain lacking the Pompeiu property must be a ball.	(Ω : Set (EuclideanSpace ℝ (Fin (N + 1))))     (hΩ : IsAdmissibleDomain Ω) (h : ¬ HasPompeiuProperty Ω) :     IsBall Ω
S5-CLM-00005337	PompeiuProblem.pompeiu_conjecture	**Pompeiu's conjecture.** A bounded, simply connected domain in $\mathbb{R}^{N+1}$ with Lipschitz boundary fails to have the Pompeiu property if and only if it is a Euclidean ball. Equivalently, the ball is the unique such domain without the Pompeiu property.	(Ω : Set (EuclideanSpace ℝ (Fin (N + 1))))     (hΩ : IsAdmissibleDomain Ω) :     ¬ HasPompeiuProperty Ω ↔ IsBall Ω
S5-CLM-00005341	RamanujanTau.lehmer_ramanujan_tau	Lehmer's conjecture: $\tau(n) \ne 0$ for all $n > 0$.	: ∀ n > 0, τ n ≠ 0
S5-CLM-00005348	RegularPrimes.regularprime_conjecture	Conjecture: The set of regular primes is infinite.	: RegularPrimeConjecture
S5-CLM-00005351	RiemannZetaValues.irrational_eleven	$\zeta(11)$ is irrational.	: ∃ x, Irrational x ∧ riemannZeta 11 = x
S5-CLM-00005352	RiemannZetaValues.irrational_five	$\zeta(5)$ is irrational.	: ∃ x, Irrational x ∧ riemannZeta 5 = x
S5-CLM-00005353	RiemannZetaValues.irrational_nine	$\zeta(9)$ is irrational.	: ∃ x, Irrational x ∧ riemannZeta 9 = x
S5-CLM-00005354	RiemannZetaValues.irrational_odd	$\zeta(2n + 1)$ is irrational for any $n\in\mathbb{N}^{+}$.	(n : ℕ) (hn : 0 < n) :     ∃ x, Irrational x ∧ riemannZeta (2 * n + 1) = x
S5-CLM-00005355	RiemannZetaValues.irrational_seven	$\zeta(7)$ is irrational.	: ∃ x, Irrational x ∧ riemannZeta 7 = x
S5-CLM-00005357	RudinsConjecture.rudins_conjecture	**Rudin's conjecture.** The maximal number of squares among the first $N$ terms of a non-trivial arithmetic progression grows at most like $\sqrt{N}$: $$Q(N) = O(\sqrt{N}).$$	:     (fun N : ℕ => (Qmax N : ℝ)) =O[atTop] fun N : ℕ => Real.sqrt N
S5-CLM-00005358	RudinsConjecture.rudins_conjecture_strong	A stronger form of Rudin's conjecture: for every $N \ge 6$, the arithmetic progression $24 n + 1$ attains the maximum $Q(N)$.	(N : ℕ) (hN : 6 ≤ N) : Q N 24 1 = Qmax N
S5-CLM-00005359	RudinsConjecture.rudins_conjecture_unique	The strongest form of Rudin's conjecture also asserts *uniqueness*: for $N \ge 6$, any non-trivial arithmetic progression attaining the maximum $Q(N)$ has common difference $24$. (Its initial term is then forced by $\gcd(24, a) = 1$; the progression $24n + 1$ is the canonical representative.)	(N : ℕ) (hN : 6 ≤ N) (q a : ℕ)     (hqa : IsNontrivial q a) (hmax : Q N q a = Qmax N) : q = 24
S5-CLM-00005360	Schanuel.schanuel_conjecture	Given any set of $n$ complex numbers $\{z_1, ..., z_n\}$ that are linearly independent over $\mathbb{Q}$, the field extension $\mathbb{Q}(z_1, ..., z_n, e^{z_1}, ..., e^{z_n})$ has transcendence degree at least $n$ over $\mathbb{Q}$.	(n : ℕ) (z : Fin n → ℂ) (h : LinearIndependent ℚ z) :     n ≤ Algebra.trdeg ℚ (adjoin ℚ (Set.range z ∪ Set.range (cexp ∘ z)))
S5-CLM-00005361	Schinzel.schinzel_conjecture	**Schinzel conjecture (H hypothesis)** If a finite set of polynomials $f_i$ satisfies both Schinzel and Bunyakovsky conditions, there exist infinitely many natural numbers $n$ such that $f_i(n)$ are primes for all $i$.	(fs : Finset ℤ[X]) (hfs : ∀ f ∈ fs, BunyakovskyCondition f)     (hfs' : SchinzelCondition fs) : Infinite {n : ℕ | ∀ f ∈ fs, (f.eval (n : ℤ)).natAbs.Prime}
S5-CLM-00005363	Selfridge.selfridge_conjecture	**PSW conjecture** (Selfridge's test) Let $p$ be an odd number, with $p \equiv \pm 2 \pmod{5}$, $2^{p-1} \equiv 1 \pmod{p}$ and $F_{p+1} \equiv 0 \pmod{p}$, then $p$ is a prime number.	(p : ℕ) (hp : IsSelfridge p) : p.Prime
S5-CLM-00005364	Selfridge.selfridge_seq_conjecture	Selfridge conjectured that the number of prime factors of the `n`-th Fermat number does not grow monotonically in $n$.	: ¬ Monotone fermatFactors
S5-CLM-00005365	Sendov.sendov_conjecture	**Sendov's conjecture** states that for a polynomial $$f(z)=(z-r_{1})\cdots (z-r_{n}),\qquad (n\geq 2)$$ with all roots $r_1, ..., r_n$ inside the closed unit disk $|z| ≤ 1$, each of the $n$ roots is at a distance no more than $1$ from at least one critical point.	(n : ℕ) (hn : 2 ≤ n) : n.SatisfiesSendovConjecture
S5-CLM-00005377	Singmaster.singmaster	Singmaster's conjecture: the number of times any number $t > 1$ appears in Pascal's triangle is bounded.	: ∃ (C : ℕ), ∀ (t : ℕ), t > 1 →     (Singmaster.solutions t).Finite ∧ (Singmaster.solutions t).ncard ≤ C
S5-CLM-00005386	SparseRuler.wichmann_conjecture	**Wichmann's conjecture on optimal rulers.** Every optimal ruler with more than $13$ segments is a Wichmann ruler $W(r, s)$ (up to reflection, i.e. reversing the segment list). Posed by Wichmann [Wi63]; the finitely many known exceptions all have at most $13$ segments (lengths $1, 13, 17, 23, 58$), and no further exceptions are known up to length $213$.	{g : List ℕ} (hopt : IsOptimal g) (hseg : 13 < g.length) :     ∃ r s : ℕ, g = wichmannGaps r s ∨ g = (wichmannGaps r s).reverse
S5-CLM-00005398	Superperfect.twoFivePerfect	There does not exist a $(2,5)$-perfect number	: ¬ ∃ n, PerfectFor n 2 5
S5-CLM-00005399	GottschalkSurjunctivity.gottschalk_surjunctivity_conjecture	**Gottschalk's surjunctivity conjecture** (1973): every group is surjunctive. That is, for every group `G` and every finite alphabet `A`, every injective cellular automaton on `A^G` is surjective.	(G : Type) [Group G] :     IsSurjunctive G
S5-CLM-00005402	Toronto.DiscreteTopology.of_t2_of_torontoSpace	Any T2, Toronto space is discrete.	[T2Space X] [TorontoSpace X] :     DiscreteTopology X
S5-CLM-00005403	Transcendental.exp_add_pi_transcendental	$e + \pi$ is transcendental.	: Transcendental ℚ (exp 1 + π)
S5-CLM-00005404	Transcendental.exp_exp_transcendental	$e^e$ is transcendental.	: Transcendental ℚ (exp (exp 1))
S5-CLM-00005405	Transcendental.exp_mul_pi_transcendental	$e\pi$ is transcendental.	: Transcendental ℚ (exp 1 * π)
S5-CLM-00005406	Transcendental.exp_pow_pi_sq_transcendental	$e^{\pi^2}$ is transcendental.	: Transcendental ℚ (exp (π ^ 2))
S5-CLM-00005407	Transcendental.pi_pow_exp_transcendental	$\pi^e$ is transcendental.	: Transcendental ℚ (π ^ (exp 1))
S5-CLM-00005408	Transcendental.pi_pow_pi_pow_pi_pow_pi_not_integer	$\pi^{\pi^{\pi^\pi}}$ is not an integer.  This would follow from $\pi^{\pi^{\pi^\pi}}$ being transcendental, but this formulation is of interest in its own right, as it could in principle be proven by direct computation.  *Reference:* [YouTube](https://www.youtube.com/watch?v=BdHFLfv-ThQ)	: ¬ ∃ (n : ℤ), π ^ π ^ π ^ π = n
S5-CLM-00005409	Transcendental.pi_pow_pi_pow_pi_pow_pi_transcendental	$\pi^{\pi^{\pi^\pi}}$ is transcendental.	: Transcendental ℚ (π ^ (π ^ (π ^ π)))
S5-CLM-00005410	Transcendental.pi_pow_pi_pow_pi_transcendental	$\pi^{\pi^{\pi}}$ is transcendental.	: Transcendental ℚ (π ^ (π ^ π))
S5-CLM-00005411	Transcendental.pi_pow_pi_transcendental	$\pi^{\pi}$ is transcendental.	: Transcendental ℚ (π ^ π)
S5-CLM-00005412	Transcendental.pi_pow_sqrt_two_transcendental	$\pi^{\sqrt{2}}$ is transcendental.	: Transcendental ℚ (π ^ √2)
S5-CLM-00005413	Transcendental.rlog_pi_transcendental	$\log(\pi)$ is transcendental.	: Transcendental ℚ (log π)
S5-CLM-00005414	Transcendental.rlog_rlog_two_transcendental	$\log(\log(2))$ is transcendental.	: Transcendental ℚ ((2 : ℝ).log.log)
S5-CLM-00005415	Transcendental.sin_exp_transcendental	$\sin(e)$ is transcendental.	: Transcendental ℚ (Real.sin (exp 1))
S5-CLM-00005416	Transcendental.transcendental_catalanConstant	The Catalan constant $G$ is transcendental.	: Transcendental ℚ catalanConstant
S5-CLM-00005418	Transcendental.transcendental_gamma_one_div	$\Gamma(1/n)$ for `n ≥ 2` is transcendental.	(n : ℕ) (hn : 2 ≤ n) : Transcendental ℚ (1 / n : ℝ).Gamma
S5-CLM-00005423	Transcendental.transcendental_gompertzConstant	The Gompertz constant $\delta$ is transcendental.	: Transcendental ℚ gompertzConstant
S5-CLM-00005425	UnionClosed.union_closed	For every finite union-closed family of sets, other than the family containing only the empty set, there exists an element that belongs to at least half of the sets in the family.	[Nonempty n]     (h_ne_singleton_empty : A ≠ {∅})     (h_union_closed : IsUnionClosed A) :     ∃ i : n, (1 / 2 : ℚ) * #A ≤ #{x ∈ A | i ∈ x}
S5-CLM-00005426	UnionClosed.union_closed.variants.cardinality_even_of_union_closed_tight	If the UC conjecture is tight for some family `A` then $|A| = 2^k$ for some $k$.  Reference: Conjecture 3 in https://www.nieuwarchief.nl/serie5/pdf/naw5-2023-24-4-225.pdf.	[Nonempty n] (hA : A ≠ {∅} ∧ A ≠ ∅) (hA : IsUnionClosed A)     (UCC_tight : ∀ i, #{x ∈ A | i ∈ x} = (1 / 2 : ℝ) * #A) :     ∃ k, #A = 2 ^ k
S5-CLM-00005433	VaughtConjecture.vaught_conjecture	The Vaught conjecture states that for a countable language L and a complete L-Theory T the number of countable models of T (up to isomorphism) is finite, $\aleph_0$ or $2^{\aleph_0}$.	{L : FirstOrder.Language} (hL : Countable L.Symbols)                           {T : L.Theory} (hT : T.IsComplete) :   numberOfCountableModels T ≤ Cardinal.aleph0 ∨ numberOfCountableModels T = Cardinal.continuum
S5-CLM-00005434	WallSunSun.exists_isWallSunSunPrime	A prime $p$ is a Wall–Sun–Sun prime if and only if $L_p \equiv 1 \pmod{p^2}$, where $L_p$ is the $p$-th Lucas number. It is conjectured that there is at least one Wall–Sun–Sun prime.	: ∃ p, IsWallSunSunPrime p
S5-CLM-00005435	WallSunSun.infinite_isWallSunSunPrime	A prime $p$ is a Wall–Sun–Sun prime if and only if $L_p \equiv 1 \pmod{p^2}$, where $L_p$ is the $p$-th Lucas number. It is conjectured that there are infinitely many Wall-Sun-Sun primes.	: {p : ℕ | IsWallSunSunPrime p}.Infinite
S5-CLM-00005436	WallSunSun.infinite_isWallSunSunPrime_of_disc_eq	A Lucas–Wieferich prime associated with $(a,b)$ is an odd prime $p$, not dividing $a^2 - 4b$, such that $U_{p-\varepsilon}(a,b) \equiv 0 \pmod{p^2}$ where $U(a,b)$ is the Lucas sequence of the first kind and $\varepsilon$ is the Legendre symbol $\left({\tfrac {a^2-4b}{p}}\right)$. The discriminant of this number is the quantity $a^2 - 4b$. It is conjectured that there are infinitely many Lucas–Wieferich primes of any given non-one fundamental discriminant.  TODO: Source this conjecture	{D : ℤ} (hD : IsFundamentalDiscr D)     (hD₁ : D ≠ 1) :     {p : ℕ | ∃ a b, a ^ 2 - 4 * b = D ∧ IsLucasWieferichPrime a b p}.Infinite
S5-CLM-00005437	WolstenholmePrime.wolstenholme_prime_infinite	It is conjectured that there are infinitely many Wolstenholme primes.  *Reference:* [Wikipedia](https://en.wikipedia.org/wiki/Wolstenholme_prime#Expected_number_of_Wolstenholme_primes)	:     {p : ℕ | IsWolstenholmePrime p}.Infinite
S5-CLM-00005438	WoodallPrimes.infinitely_many_woodall_primes	There are infinitely many prime numbers of the form `k * 2 ^ k - 1` for `k > 1`.	: {k : ℕ | 1 < k ∧ (k * 2 ^ k - 1).Prime}.Infinite
S5-CLM-00005440	WrittenOnTheWallII.GraphConjecture160.conjecture160	WOWII [Conjecture 160](http://cms.dt.uh.edu/faculty/delavinae/research/wowII/)  For a simple connected graph $G$, $L_s(G) \ge \max_v l(v) + \max_v T(v) \cdot \chi_{C_4}(G)$ where:  - $L_s(G) = \mathrm{SimpleGraph.Ls}\, G$ is the maximum number of leaves over all   spanning trees of $G$, - $\max_v l(v)$ is the maximum local independence number over vertices, - $\max_v T(v)$ is the maximum number of triangles incident to any vertex, - $\chi_{C_4}(G)$ is `1` if $G$ has no cycle of length four and `0` otherwise.	(G : SimpleGraph α) [DecidableRel G.Adj] (h : G.Connected) :     let maxL := (Finset.univ.image (indepNeighborsCard G)).max' (by simp)     let maxT := maxTrianglesAtVertex G     let cC4 : ℕ := if ∃ v : α, ∃ c : G.Walk v v, c.IsCycle ∧ c.length = 4 then 0 else 1     (maxL : ℝ) + (maxT : ℝ) * (cC4 : ℝ) ≤ Ls G
S5-CLM-00005442	WrittenOnTheWallII.GraphConjecture100.conjecture100	WOWII [Conjecture 100](http://cms.uhd.edu/faculty/delavinae/research/wowII/all.html#conj100) (status O):  For a simple connected graph `G`, `α(G) ≤ ⌈(max_v l(v) + 0.5 · diam(Gᶜ)) / 2⌉` where `α(G) = G.indepNum` is the independence number, `max_v l(v)` is the maximum over all vertices of the independence number of the neighbourhood (in `G`), and `diam(Gᶜ)` is the diameter of the complement `Gᶜ`.  **Note:** `length(Ḡ)` in DeLaVina's original is interpreted here as the diameter of the complement. The hypothesis `hGc : Gᶜ.Connected` is added so that `diam(Gᶜ)` is finite (otherwise `Gᶜ.ediam = ⊤` and `Gᶜ.ediam.toNat` collapses silently to `0`); see the module docstring above.	(G : SimpleGraph α) [DecidableRel G.Adj] (h : G.Connected)     (hGc : Gᶜ.Connected) :     let maxL := (Finset.univ.image (indepNeighborsCard G)).max' (by simp)     (G.indepNum : ℝ) ≤ ⌈((maxL : ℝ) + (1 / 2) * (degreeL2Norm Gᶜ : ℝ)) / 2⌉
S5-CLM-00005447	WrittenOnTheWallII.GraphConjecture133.conjecture133	WOWII [Conjecture 133](http://cms.dt.uh.edu/faculty/delavinae/research/wowII/):  For a simple connected graph $G$, $\operatorname{path}(G) \ge \operatorname{rad}(G) + \lfloor \mathrm{avg}_v\, l(v) \rfloor^{cC_4(G)}$, where $\operatorname{path}(G)$ is the path number of the graph (number of vertices of a largest induced path), $\operatorname{rad}(G)$ is the radius (minimum eccentricity, as a natural number), $\mathrm{avg}_v\, l(v) = l(G)$ is the average independence number of vertex neighbourhoods, and $cC_4(G)$ is the $C_4$-free characteristic function (1 if $G$ is $C_4$-free, not necessarily induced, and 0 otherwise).  We read DeLaVina's bracket notation `[average of λ(v)]` in the source as the floor (a standard Graffiti.pc convention), hence `⌊l G⌋` in Lean.	(G : SimpleGraph α) [DecidableRel G.Adj] (h : G.Connected) :     let rad := G.radius.toNat     let hasC4 := ∃ a b c d : α, a ≠ b ∧ a ≠ c ∧ a ≠ d ∧ b ≠ c ∧ b ≠ d ∧ c ≠ d ∧       G.Adj a b ∧ G.Adj b c ∧ G.Adj c d ∧ G.Adj d a     let cC4 : ℕ := if hasC4 then 0 else 1     (rad : ℝ) + (⌊l G⌋ : ℝ) ^ cC4 ≤ (path G : ℝ)
S5-CLM-00005448	WrittenOnTheWallII.GraphConjecture141.conjecture141	WOWII [Conjecture 141](http://cms.dt.uh.edu/faculty/delavinae/research/wowII/)  For a simple connected graph `G`, `tree(G) ≥ ⌊girth(G) / 2⌋ - 1 + max_v l(v)` where `tree(G)` is the number of vertices of a largest induced tree subgraph, `girth(G)` is the length of the shortest cycle (0 if acyclic), and `l(v) = indepNeighbors G v` is the independence number of the neighbourhood of `v`.	(G : SimpleGraph α) [DecidableRel G.Adj] (h : G.Connected) :     (G.girth / 2 : ℤ) - 1 + ((Finset.univ.sup (indepNeighborsCard G) : ℕ) : ℤ) ≤     (largestInducedTreeSize G : ℤ)
S5-CLM-00005449	WrittenOnTheWallII.GraphConjecture142.conjecture142	WOWII [Conjecture 142](http://cms.dt.uh.edu/faculty/delavinae/research/wowII/):  For a simple connected graph $G$, $\mathrm{tree}(G) \ge (2/3) \cdot \mathrm{girth}(G) + \mathrm{ecc}(B)$ where $\mathrm{tree}(G)$ is the largest induced tree size, $\mathrm{girth}(G)$ is the length of the shortest cycle ($0$ if acyclic), $B$ is the set of boundary vertices (those of maximum eccentricity), and $\mathrm{ecc}(B)$ is the eccentricity of the set $B$.	(G : SimpleGraph α) [DecidableRel G.Adj] (h : G.Connected) :     let B : Set α := (maxEccentricityVertices G : Set α)     (2 : ℝ) / 3 * (G.girth : ℝ) + (eccSet G B : ℝ) ≤ (largestInducedTreeSize G : ℝ)
S5-CLM-00005452	WrittenOnTheWallII.GraphConjecture145.conjecture145	WOWII [Conjecture 145](http://cms.dt.uh.edu/faculty/delavinae/research/wowII/)  For a simple connected graph $G$, $\mathrm{tree}(G) \ge 2 \cdot \mathrm{ecc}(B) / \lambda_{\min}(\overline{G})$ where $\mathrm{tree}(G)$ is the number of vertices in a largest induced subtree, $\mathrm{ecc}(B)$ is the eccentricity of the boundary vertices (`eccSet` and `boundaryVertices`), and $\lambda_{\min}(\overline{G})$ is the minimum local independence number of the complement graph.  We state the inequality in the form $\mathrm{tree}(G) \cdot \mathrm{lMin}(\overline{G}) \ge 2 \cdot \mathrm{ecc}(B)$ to avoid division.	(G : SimpleGraph α) [DecidableRel G.Adj] (h : G.Connected)     (hlMin : 0 < localIndependenceMin Gᶜ) :     2 * eccSet G (maxEccentricityVertices G : Set α) ≤     largestInducedTreeSize G * localIndependenceMin Gᶜ
S5-CLM-00005453	WrittenOnTheWallII.GraphConjecture146.conjecture146	WOWII [Conjecture 146](http://cms.dt.uh.edu/faculty/delavinae/research/wowII/)  For a simple connected graph $G$, $\mathrm{tree}(G) \ge 2 \cdot \mathrm{ecc}(B) / \mathrm{rad}(G^2)$ where $\mathrm{tree}(G)$ is the number of vertices in a largest induced subtree, $\mathrm{ecc}(B)$ is the eccentricity of the boundary vertices of $G$ (`eccSet` and `maxEccentricityVertices`), and $\mathrm{rad}(G^2)$ is the radius of the square graph of $G$.  We state the inequality in the form $\mathrm{tree}(G) \cdot \mathrm{rad}(G^2) \ge 2 \cdot \mathrm{ecc}(B)$ to avoid division.	(G : SimpleGraph α) [DecidableRel G.Adj] (h : G.Connected)     (hrad : 0 < graphSquareRadius G) :     2 * eccSet G (maxEccentricityVertices G : Set α) ≤     largestInducedTreeSize G * graphSquareRadius G
S5-CLM-00005457	WrittenOnTheWallII.GraphConjecture19.conjecture19	WOWII [Conjecture 19](http://cms.dt.uh.edu/faculty/delavinae/research/wowII/)  If `G` is connected then the size `b(G)` of a largest induced bipartite subgraph satisfies `b(G) ≥ FLOOR((∑ ecc(v))/(|V|) + sSup (range (l G)))`, where `ecc(v)` denotes eccentricity and `l(G)` is the independence number of neighbourhoods.	(G : SimpleGraph α) [Nontrivial α] (h_conn : G.Connected) :     ⌊(∑ v ∈ Finset.univ, ((G.eccent v).toNat : ℝ)) / (Fintype.card α : ℝ) +       sSup (Set.range (indepNeighbors G))⌋ ≤ b G
S5-CLM-00005459	WrittenOnTheWallII.GraphConjecture198a.conjecture198a	WOWII [Conjecture 198a](http://cms.dt.uh.edu/faculty/delavinae/research/wowII/)  For a simple connected graph `G`, if `b(G) ≤ 2 + ecc_avg(G)`, then `G` has a Hamiltonian path. Here `b(G)` is the number of vertices in a largest induced bipartite subgraph, and `ecc_avg(G)` is the average eccentricity of `G`. A Hamiltonian path is a walk visiting every vertex exactly once.	(G : SimpleGraph α) (h : G.Connected)     (hb : b G ≤ 2 + averageEccentricity G) :     ∃ a b : α, ∃ p : G.Walk a b, p.IsHamiltonian
S5-CLM-00005462	WrittenOnTheWallII.GraphConjecture200.conjecture200	WOWII [Conjecture 200](http://cms.dt.uh.edu/faculty/delavinae/research/wowII/)  For a simple connected graph `G`, if `tree(G) = ⌈1 + l_avg(G)⌉`, then `G` has a Hamiltonian path. Here `tree(G)` is the number of vertices of a largest induced tree subgraph, and `l_avg(G) = averageIndepNeighbors G` is the average over all vertices of the independence number of the neighbourhood. A Hamiltonian path is a walk visiting every vertex exactly once.	(G : SimpleGraph α) (h : G.Connected)     (htree : (largestInducedTreeSize G : ℝ) = ⌈1 + averageIndepNeighbors G⌉) :     ∃ a b : α, ∃ p : G.Walk a b, p.IsHamiltonian
S5-CLM-00005465	WrittenOnTheWallII.GraphConjecture291.conjecture291	WOWII [Conjecture 291](http://cms.dt.uh.edu/faculty/delavinae/research/wowII/)  For a simple connected graph $G$ with $n > 2$, $\gamma_t(G) \le k + \mathrm{frequency}(t_{\min}(v))$ where:  - $\gamma_t(G)$ is the total domination number, - $k$ is the first step in which a zero appears in the Havel-Hakimi process, - $\mathrm{frequency}(t_{\min}(v))$ is the number of vertices achieving the   minimum triangle count.	(G : SimpleGraph α) [DecidableRel G.Adj] (h : G.Connected)     (hn : 2 < Fintype.card α) :     G.totalDominationNumber ≤     havelHakimiZeroStep G + freqMinTriangles G
S5-CLM-00005468	WrittenOnTheWallII.GraphConjecture314.conjecture314	WOWII [Conjecture 314](http://cms.uhd.edu/faculty/delavinae/research/wowII/all.html#conj314):  For every finite simple connected graph $G$ with $n > 1$ vertices, if $G$ is triangle-free and $\mathrm{path}(G) \le 4$, then $G$ is well totally dominated.  Here $\mathrm{path}(G) = \mathrm{largestInducedPathSize}\, G$ is the **size of a largest induced path** in $G$, defined locally above.  **Disambiguation.** Earlier revisions of this file used the `SimpleGraph.path` invariant, but that is the *floor of the average distance*, not the size of a largest induced path — a different quantity that makes Conjecture 314 vacuous in many cases.	[Nontrivial α] (G : SimpleGraph α) [DecidableRel G.Adj]     (hG : G.Connected)     (hTriFree : ∀ a b c : α, G.Adj a b → G.Adj b c → G.Adj c a → False)     (hPath : largestInducedPathSize G ≤ 4) :     IsWellTotallyDominated G
S5-CLM-00005477	WrittenOnTheWallII.GraphConjecture40.conjecture40	WOWII [Conjecture 40](http://cms.dt.uh.edu/faculty/delavinae/research/wowII/)  For a nontrivial connected graph `G` the size `f(G)` of a largest induced forest satisfies `f(G) ≥ ceil((p(G) + b(G) + 1)/2)` where `p(G)` is the path cover number and `b(G)` is the largest induced bipartite subgraph size.	(h_conn : G.Connected) (h_nontrivial : 1 < Fintype.card α) :     ⌈(((pathCoverNumber G : ℝ) + b G + 1) / 2)⌉ ≤  G.largestInducedForestSize
S5-CLM-00005480	WrittenOnTheWallII.GraphConjecture59.conjecture59	WOWII [Conjecture 59](http://cms.dt.uh.edu/faculty/delavinae/research/wowII/)  For a simple connected graph $G$, the size $f(G)$ of a largest induced forest satisfies $f(G) \ge \lceil \sqrt{\mathrm{residue}(G) \cdot b(G)} \rceil$, where $\mathrm{residue}(G)$ is the Havel-Hakimi residue (the number of zeros remaining after applying the Havel-Hakimi algorithm to the degree sequence until termination) and $b(G)$ is the size of a largest induced bipartite subgraph.  See: Favaron, Mahéo, Saclé (1991) for the residue; DeLaVina's Graffiti.pc for the conjecture.	(G : SimpleGraph α) [DecidableRel G.Adj] (h : G.Connected) :     ⌈Real.sqrt ((residue G : ℝ) * b G)⌉ ≤ (G.largestInducedForestSize : ℝ)
S5-CLM-00005482	WrittenOnTheWallII.GraphConjecture61.conjecture61	WOWII [Conjecture 61](http://cms.dt.uh.edu/faculty/delavinae/research/wowII/)  For a simple connected graph $G$, the size $f(G)$ of a largest induced forest satisfies $f(G) \ge \mathrm{residue}(G) + \lceil \mathrm{diam}(G) / 3 \rceil$, where $\mathrm{residue}(G)$ is the Havel-Hakimi residue and $\mathrm{diam}(G)$ is the diameter of $G$.  See: Favaron, Mahéo, Saclé (1991) for the residue; DeLaVina's Graffiti.pc for the conjecture.	(G : SimpleGraph α) [DecidableRel G.Adj] (h : G.Connected) :     (residue G : ℝ) + ⌈(G.diam : ℝ) / 3⌉ ≤ (G.largestInducedForestSize : ℝ)
S5-CLM-00005985	Every map in the stated class N^+_{n,N} is globally injective.		
S5-CLM-00005986	There is an explicit linear-size tournament family whose directed clique number grows at least as n^{1/100}.		
S5-CLM-00005987	The tournament directed-clique problem Ptourclique is Sigma_2^P-complete.		
S5-CLM-00005988	The two bounded-weight universal-cycle constructions are equivalent and the resulting cycle admits O(1)-amortized symbol generation.		
S5-CLM-00005989	Every d-dimensional zonotope admits a (1±epsilon) zonotopal approximation with O(d/epsilon^2) generators.		
S5-CLM-00005990	Every transshipment can be efficiently rounded to an unsplittable one with coordinate error at most d_max.		
S5-CLM-00005991	The complexity of finite smooth binary words grows as Theta(n^rho) with the stated exponent rho.		
S5-CLM-00005992	With high probability, every width-m two-layer network fitting random labeled data has Lipschitz constant at least c√(n/m) for any Lipschitz activation.		
S5-CLM-00005993	The diameter of the generator graph of a square-free linearly presented degree-d monomial ideal is polynomially bounded in d.		
S5-CLM-00005994	Some ReLU architectures having a hidden layer of width one admit no identifiable parameters.		
S5-CLM-00005995	Incoherent social decision frames have unbounded index.		
S5-CLM-00005996	For braid index at least four, the HOMFLY-PT/Kauffman relation implies factorization of the HZ transform.		
S5-CLM-00005997	The map from A to holomorphic-topological sl_2 observables is an isomorphism of Poisson vertex algebras.		
S5-CLM-00005998	Alien derivatives between flat connections correspond to residue morphisms between their skyscraper sheaves.		
S5-CLM-00005999	The category of Chern–Simons boundary conditions is equivalent to ind-coherent sheaves on the formal completion of the character stack.		
S5-CLM-00006000	The E2-category from BV-BFV quantization of level-k Chern-Simons theory is E2-equivalent to the corresponding quantum-group ribbon category.		
S5-CLM-00006001	A module of finite G-dimension has grade equal to the height of its annihilator.		
S5-CLM-00006002	An isolated characteristic-zero graded singularity with negative b-invariant is of strongly F-regular type, and is log terminal when Q-Gorenstein.		
S5-CLM-00006003	For every commutative unital ring, finiteness of p2 is equivalent to finiteness of one, and hence every, even-degree Pythagoras number.		
S5-CLM-00006004	The connected l-adic monodromy group equals the Mumford-Tate group after extension to Q_l.		
S5-CLM-00006005	The logarithmic Kodaira dimension satisfies the stated Iitaka addition inequality.		
S5-CLM-00006006	Artin comparison identifies the spans of Hodge classes and Tate classes in every even cohomological degree and power of a smooth projective variety over a number field.		
S5-CLM-00006007	Every finite-Morse-index entire Allen-Cahn solution in dimension at least three has finitely many ends.		
S5-CLM-00006008	Along a non-CKN dyadic branch of a suitable weak Navier-Stokes solution, some bounded relative filter scales and a subsequence keep the sum of the three stated diagnostics uniformly positive.		
S5-CLM-00006009	For k>=3, periodic k-gKdV is unconditionally locally well posed in H^s for every s>=1/2-1/k.		
S5-CLM-00006010	The displayed relative HZ smash product is equivalent, as a Map^{C2}(G,E_{2+sigma})-algebra, to HZ tensored with the suspension spectrum of the stated equivariant mapping space.		
S5-CLM-00006011	Every proper metric space has a natural coarse Hurewicz morphism whose comparison diagram with expanded homotopy and locally finite homology commutes.		
S5-CLM-00006012	A symmetric monoidal functor TW exists from fermionic groups to spaces over BO/BSpin and satisfies the stated objectwise and Thom-spectrum compatibility conditions.		
S5-CLM-00006013	Each derivative discriminant is a positive combination of symmetrized graph monomials with even edge multiplicities.		
S5-CLM-00006014	The three stated Tutte-type nowhere-zero Z5-, Z4-, and Z3-flow conjectures all hold under their respective connectivity and minor hypotheses.		
S5-CLM-00006015	Every k-sunflower-free family of m-subsets has size at most mu(k)^m.		
S5-CLM-00006016	Every connected n-vertex graph has cop number O(sqrt(n)).		
S5-CLM-00006017	A derived finite-dimensional C*-algebra category admits a derived-centre comonad yielding the proposed cohesive linear infinity-topos.		
S5-CLM-00006018	The ordinary centre comonad does not faithfully embed completely positive trace-preserving maps.		
S5-CLM-00006019	The localization functor has the stated mapping-object right adjoint.		
S5-CLM-00006020	A Teichmuller disk is a holomorphic retract exactly when its generating quadratic differential has only even-order zeros.		
S5-CLM-00006021	A harmonic map of the disk with Schwarzian norm at most 3/2 extends homeomorphically to the closed target domain.		
S5-CLM-00006022	The harmonic Schwarzian threshold σ_H(D) equals 3/2.		
S5-CLM-00006023	Among lambda-convex bodies with fixed boundary measure, a lambda-convex lens minimizes volume.		
S5-CLM-00006024	Every timelike-complete globally hyperbolic spacetime with compact Cauchy surfaces and strong energy condition admits a temporal foliation whose future or past Lorentz-distance family is locally equi-Lipschitz.		
S5-CLM-00006025	Every Riemannian manifold diffeomorphic to S^3 contains four distinct embedded minimal two-spheres.		
S5-CLM-00006026	Every two-dimensional configuration with P_eta(k,n)<=kn is periodic.		
S5-CLM-00006027	A group is amenable exactly when every set of measurable recurrence is also a set of topological recurrence.		
S5-CLM-00006028	Every ergodic Z^d-nilsystem has the stated discrete-spectrum plus subtorus-Haar-absolutely-continuous Koopman decomposition.		
S5-CLM-00006029	Every n bounded complex vectors admit a unimodular vector whose inner products with all of them have modulus at most sqrt(n).		
S5-CLM-00006030	For 1<=q<=2<=p, the complex Banach-Mazur distance between finite-dimensional l_p and l_q equals the stated power n^alpha.		
S5-CLM-00006031	For any two matrices, two unitary conjugates of their q-symmetrized absolute values dominate the q-symmetrized absolute value of their sum with constant sqrt(2).		
S5-CLM-00006032	The Betke-Henk-Wills lattice-point upper bound holds for every origin-containing convex body and lattice.		
S5-CLM-00006033	For every n>=3, D_{2n} has more MSTD subsets than MDTS subsets.		
S5-CLM-00006034	Every connected Cayley graph of an epsilon-quasirandom group is an epsilon-uniform expander.		
S5-CLM-00006035	Every cocompact lattice on an irreducible Euclidean building of dimension at least two is virtually simple when it is nonarithmetic.		
S5-CLM-00006036	For every weighted hypergraph, the interchange process spectral gap in the regular representation equals that in the standard representation.		
S5-CLM-00006037	No closed aspherical manifold admits a Riemannian metric of positive scalar curvature.		
S5-CLM-00006038	The mean-square variance of primes in intervals of length H is asymptotic to H log(X/H), uniformly in the stated range.		
S5-CLM-00006039	Every knot has only finitely many ribbon-concordance predecessors.		
S5-CLM-00006040	Every CSP of a first-order reduct of a finitely bounded homogeneous structure is either in P or NP-complete.		
S5-CLM-00006041	If kappa is a limit of Woodin cardinals, then Theta of D(V,kappa) is below kappa^+ and D(V,kappa) satisfies AD_R.		
S5-CLM-00006042	For every Polish group, nonmeager independence is the maximum strongly admissible geometry.		
S5-CLM-00006043	For every compact metric space of strictly negative type, mu'_Y(0)=M(Y).		
S5-CLM-00006044	Every asymmetric L_p-zonoid satisfies |Z plus_p -Z|<=2^n|Z|.		
S5-CLM-00006045	Every origin-containing centrally symmetric convex body satisfies the stated sharp L_p Rogers-Shephard volume bound, with equality for the cube.		
S5-CLM-00006046	Every algebraic relation among multiple zeta values follows from comparison of the extended shuffle and stuffle maps via regularization.		
S5-CLM-00006047	The Fargues-Scholze functor restricts to the proposed equivalence with nilpotent-support coherent sheaves.		
S5-CLM-00006048	Every finite coloring of the natural numbers contains a monochromatic Pythagorean triple.		
S5-CLM-00006049	For any flow on the hyperfinite II_1 factor, cocycle conjugacy to the model flow, the Rokhlin property, strict outerness, and full Connes spectrum plus outerness are equivalent.		
S5-CLM-00006050	For every admissible kappa,D,q,N,d and initial point, there is an inexactly smooth convex hard instance giving the stated asymptotically sharp lower bound for every subgradient-span method.		
S5-CLM-00006051	Every log-concave measure has isoperimetric constant comparable from below to its halfspace value, equivalently at least a universal constant over √||A||op.		
S5-CLM-00006052	For every dimension d, there is an equiangular tight frame of d^2 vectors in C^d.		
S5-CLM-00006053	The Gaussian tensor sum satisfies the stated type-2 norm estimate with dimension exponent one-half minus one over p.		
S5-CLM-00006054	The epsilon transform of any CYBE solution by a transitive sign matrix again solves CYBE.		
S5-CLM-00006055	The sign-matrix transform of any QYBE solution again solves QYBE.		
S5-CLM-00006056	The four stated quantum-toroidal operators have the conjectured Pieri differential-operator formulas and coefficient generating functions.		
S5-CLM-00006057	In every non-torsion monoid, each nonempty subset of integers greater than one occurs as a finite power-monoid length set.		
S5-CLM-00006058	There are finitely many clonoids between two finite modules exactly when the module orders are coprime.		
S5-CLM-00006059	Any two minimal generating systems of an S-subalgebra of the cyclic free associative algebra have the same number of generators in every degree.		
S5-CLM-00006060	The full twist FT_W naturally commutes under convolution with every object of the stated Abe-Bott-Samelson category.		
S5-CLM-00006061	The totally nonnegative part of the twisted double flag variety equals its intersection with the nonnegative canonical-basis projective cone.		
S5-CLM-00006062	The self-extension algebra of the tensor unit in the stated category is the Q-invariant coordinate algebra of the Slodowy slice.		
S5-CLM-00006063	The Fukaya category determines all Gromov-Witten invariants of a symplectic manifold.		
S5-CLM-00006064	Below the accumulation point, c_b is unobstructed exactly for ratios b=m/d arising from the specified mutation data.		
S5-CLM-00006065	The higher-torsion classes associated with two nullhomotopies differ by the specified Pontryagin class.		
S5-CLM-00006066	The natural SIT-free mosquito equilibrium is globally asymptotically stable relative to the specified positive invariant component.		
S5-CLM-00006067	Circuit many-body localization does not exist.		
S5-CLM-00006068	On every compact negatively curved manifold, every high-frequency Laplace eigenbasis equidistributes and has the unique Liouville semiclassical measure.		
S5-CLM-00006069	All graphs are well-quasi-ordered by the pivot-minor relation.		
S5-CLM-00006070	For nonregular initial data in dimension at least three, the restricted holonomy group of Laplacian dynamics is SO(d).		
S5-CLM-00006071	The sharp top-1 associative-memory retrieval threshold is d^2/(n log n)=2.		
S5-CLM-00006072	Every K3-divisible n-vertex graph of minimum degree at least 3n/4 has a perfect triangle packing.		
S5-CLM-00006073	Every H-free graph has a clique or stable set of polynomial size, with exponent depending only on H.		
S5-CLM-00006074	Every closed negatively curved 2n-manifold has Euler characteristic of sign (-1)^n and nonzero magnitude.		
S5-CLM-00006075	Every connected Cayley graph on a finite group of order at least three is Hamiltonian.		
S5-CLM-00006076	The matching-free r-uniform hypergraph extremal number obeys the stated maximum of the clique and star constructions.		
S5-CLM-00006077	Every plurigenus is constant in a smooth family of compact Kahler manifolds over a disk.		
S5-CLM-00006078	The graph of every 0/1 polytope has edge expansion at least 1.		
S5-CLM-00006079	The l-adic rational cycle class map is surjective in every codimension.		
S5-CLM-00006080	Every smooth Fano variety satisfies (i_X-1)rho_X<=dim X, with equality exactly for a product of projective spaces.		
S5-CLM-00006081	There is beta>0 such that every finitely generated group with growth strictly below exp(n^beta) is virtually nilpotent.		
S5-CLM-00006082	Over every field of size at least four, each nonsingular matrix maps some all-nonzero vector to another all-nonzero vector.		
S5-CLM-00006083	Every graph has list chromatic index equal to chromatic index.		
S5-CLM-00006084	Every simple undirected graph with at least three vertices is reconstructible from its vertex-deleted deck.		
S5-CLM-00006085	The stated IndCoh-to-IndL equivalence is B-linear and compatible with Wilson/Hecke operators.		
S5-CLM-00006086	Every positive-density subset of the polynomial Hales-Jewett space contains a polynomial combinatorial line.		
S5-CLM-00006087	Every effective Tate-coniveau Galois subrepresentation is supported on a closed subset of the corresponding codimension.		
S5-CLM-00006088	Every rational sub-Hodge structure of Hodge coniveau at least k is supported on a codimension-k algebraic subset.		
S5-CLM-00006089	Normalized logarithmic cohomological torsion along the congruence tower has a computable limit.		
S5-CLM-00006090	The proportion of n-element matroids that are paving tends to one.		
S5-CLM-00006091	Every representation satisfying the stated oddness, irreducibility, conductor, determinant, and finite-flat hypotheses arises from a weight-two mod-p eigenform of the predicted level.		
S5-CLM-00006092	Exactly the densities below 4/9 are jumps for 3-uniform hypergraphs, while every density from 4/9 to one is a non-jump.		
S5-CLM-00006093	The proposed global resolvent trace satisfies the Weil explicit formula over the zeros of the zeta function.		
S5-CLM-00006094	Assuming RH and simple nontrivial zeta zeros, the sum of 1/|zeta'(rho)|^2 up to height T is asymptotic to 3T/pi^3.		
S5-CLM-00006095	The effective movable cone of a Calabi-Yau variety has a finite rational polyhedral fundamental domain under birational automorphisms.		
S5-CLM-00006096	The Higgs Fourier transform admits the stated quantization, which for sufficiently large degree realizes de Rham geometric Langlands.		
S5-CLM-00006097	For algebraic z, Γ(z) is algebraic exactly when z is a positive integer.		
S5-CLM-00006098	The characteristic ideal of the dual p-primary Selmer group over the cyclotomic extension equals the ideal generated by the p-adic L-function.		
S5-CLM-00006099	The logarithms of distinct primes are algebraically independent.		
S5-CLM-00006100	Pixton's 3-spin relations generate all tautological Chow and cohomology relations on both stable and compact-type curve moduli spaces.		
S5-CLM-00006101	For every abelian variety A over a number field, the torsion field Q(A_tors) has the Bogomolov property.		
S5-CLM-00006102	Every proper morphism between nonsingular varieties admits a motivic decomposition.		
S5-CLM-00006103	Finite multiple zeta values are isomorphic to ordinary multiple zeta values modulo zeta(2), via the symmetric-value map.		
S5-CLM-00006104	The optimal Fourier-spectrum threshold for a full-dimensional distance set is 1+(d/2−1)θ.		
S5-CLM-00006105	Generalized k-Markov numbers indexed by reduced rationals are pairwise distinct for every k.		
S5-CLM-00006106	Over a number field with a real place, every stated weight-two eigenform comes from an elliptic curve of matching conductor.		
S5-CLM-00006107	A compact complex manifold admitting balanced and pluriclosed metrics also admits a Kahler metric.		
S5-CLM-00006108	Every pole of the topological zeta function gives the stated monodromy eigenvalue, and is a root of the Bernstein-Sato polynomial in the strong version.		
S5-CLM-00006109	The stated connection-side window category is equivalent to the compact micro-support category on the semistable Higgs side.		
S5-CLM-00006110	For every A≥2 and coprime b,l, a prime p≡b mod l exists with p≪l(log l)^A.		
S5-CLM-00006111	Assuming RH and simple zeta zeros, the stated negative second-moment sum is asymptotic to T/(2 pi).		
S5-CLM-00006112	For a nontorsion finitely generated subgroup Gamma of a number field K, Weil height is bounded below away from zero on K(Gamma^div)^x outside Gamma^div.		
S5-CLM-00006113	The stated smoothed twisted average of Salie sums satisfies a uniform epsilon-power bound.		
S5-CLM-00006114	No perfect cuboid with positive integer edge lengths exists.		
S5-CLM-00006115	Every connected n-vertex graph has burning number at most ceiling(sqrt(n)).		
S5-CLM-00006116	Every k-quasi-planar topological graph has O_k(n) edges.		
S5-CLM-00006117	Precisely 1-intersecting planar curves with no triple point have only O(n) tangencies.		
S5-CLM-00006118	Every sufficiently large reduced residue class modulo l contains a prime below l(log l)^A for some fixed A.		
S5-CLM-00006119	Every edge 2-coloring of a hypercube has an antipodal path with at most one color change.		
S5-CLM-00006120	Corrected codimension-g special cycles on a toroidal compactification have a Chow-valued generating series that is a Siegel modular form of weight (n+2)/2.		
S5-CLM-00006121	For semisimple rhobar, the geometric, crystalline, and explicit Serre-weight sets coincide.		
S5-CLM-00006122	Every bounded-degree graph satisfying CD(0,infinity) has polynomial volume growth with exponent controlled only by maximum degree.		
S5-CLM-00006123	Every Ferrers diagram, distance, and finite field admit a maximum-dimension Ferrers-diagram rank-metric code.		
S5-CLM-00006124	For sufficiently large l, the simply connected l-adic Galois image of a compatible system from a smooth projective variety is a maximal compact subgroup and is hyperspecial.		
S5-CLM-00006125	The full motive of every hyper-Kähler variety is an abelian motive.		
S5-CLM-00006126	Every bipartite graph has strong chromatic index at most Delta_A Delta_B.		
S5-CLM-00006127	Pairwise rational independence of the logarithms of integers at least 3 implies joint rational independence of their reciprocals.		
S5-CLM-00006128	After localization, Phi is an isomorphism from the negative Yangian to the one-dimensional-sheaf CoHA.		
S5-CLM-00006129	Minimum codegree (3/4+alpha)n forces the square of a tight Hamilton cycle in large 3-graphs.		
S5-CLM-00006130	The arithmetic support of the discrete automorphic O-piece is contained in the motivic Langlands-parameter locus.		
S5-CLM-00006131	The discrete automorphic L2 space splits over motivic Langlands parameters as stated, and under the stronger local-finiteness hypothesis every summand is at most one-dimensional.		
S5-CLM-00006132	There is a full embedding of the stated affine-Springer microsheaf category into the equivariant quasicoherent category, extending the known equivalence and intertwining the listed actions.		
S5-CLM-00006133	The generating function of the permutation class avoiding 4231, 4123, and 4312 is not differentially algebraic.		
S5-CLM-00006134	For primes p congruent to 1 mod 4, the clique number of the Paley graph is polylogarithmic in p.		
S5-CLM-00006135	At a common-hook zero, the ratio of the two modified Macdonald LR coefficients is a nonzero rational number.		
S5-CLM-00006136	Splitting a vertex of a dense regular Class-1 graph produces a Delta-critical graph.		
S5-CLM-00006137	For every fixed d at least 3, bulk eigenvalue local statistics of random d-regular graphs converge to GOE statistics.		
S5-CLM-00006138	The Manickam-Miklos-Singhi lower bound holds for zero-sum real sequences when n is at least 4k.		
S5-CLM-00006139	The Pontryagin dual of the p-primary Selmer group over K∞ is a finitely generated torsion Λ-module.		
S5-CLM-00006140	Every n-vertex tree has burning number at most ceil(sqrt(n)).		
S5-CLM-00006141	For n at least sk, the Erdos matching number e_k(n,s) is the maximum of the two standard extremal constructions.		
S5-CLM-00006142	Cycles of distinct lengths have an Erdos-Posa property with an O(k log k) transversal bound.		
S5-CLM-00006143	For every graph, the sum of its k largest Laplacian eigenvalues is at most its edge count plus binomial(k+1,2).		
S5-CLM-00006144	A torsion-free full-holonomy Spin(7) manifold admits no smooth Cayley fibration.		
S5-CLM-00006145	Reductions of every complex KLT singularity have F-signature bounded uniformly away from zero for all sufficiently large primes.		
S5-CLM-00006146	A nef class whose difference from the generalized canonical class is nef and big is the pullback of a Kahler class under a connected-fiber morphism.		
S5-CLM-00006147	Every even-hole-free graph satisfies chi(G) at most ceil(5 omega(G)/4).		
S5-CLM-00006148	For G=GL_r and every integer pair (chi,w), the stated nilpotent-singular-support IndCoh categories of semistable Higgs moduli are B-linearly equivalent.		
S5-CLM-00006149	Every t-intersecting permutation family has size at most the largest canonical A_k family, with equality only for its two-sided translates.		
S5-CLM-00006150	The l-adic Galois action on the cohomology of a smooth projective variety is semisimple.		
S5-CLM-00006151	Every link has a symmetric quiver whose quiver generating series equals its transformed colored HOMFLY-PT series under the stated change of variables.		
S5-CLM-00006152	If 1<=a<b<c<d and ad=bc, then the Gaussian binomial [b+c choose b]_q coefficientwise dominates [a+d choose a]_q.		
S5-CLM-00006153	The direct sum of any two Newton polygons realizable in characteristic p is also realizable in characteristic p.		
S5-CLM-00006154	BV-BFV quantization of Chern-Simons theory on the cylinder agrees with shifted deformation quantization of Loc_G(S^1).		
S5-CLM-00006155	Van Vleck measures converge to a universal probability measure supported on the stated spectral tree and realizing the exterior potential as a positive mother body.		
S5-CLM-00006156	A compact Kahler manifold with uniformly RC-quasi-positive tangent bundle, or quasi-positive holomorphic sectional curvature, is projective and rationally connected.		
S5-CLM-00006157	Characteristic-p models of every complex KLT log Fano pair have uniform positive lower bounds for both F-signature and the FA invariant on a dense open base.		
S5-CLM-00006158	The rational cuspidal automorphic-function space is the direct sum of its nilpotent-orbit pieces.		
S5-CLM-00006159	Every finite-Morse-index entire Allen-Cahn solution in dimensions 4 through 7 is one-dimensional.		
S5-CLM-00006160	A finite integer set with small Fourier algebra norm has the stated bounded signed progression decomposition up to an o_K(N) exceptional set.		
S5-CLM-00006161	A noncollapsed ancient Ricci flow with nonnegative Ricci curvature and only Ricci-flat-cone tangent flows at infinity is a static Ricci-flat metric with positive asymptotic volume ratio.		
S5-CLM-00006162	For every genus at least two, a geometric open r-spin potential exists and equals the stated specialization of phi_g.		
S5-CLM-00006163	In the stated Q-factorial Kahler family with canonical fibers, the central canonical class is pseudo-effective exactly when every noncentral fiber's is.		
S5-CLM-00006164	Kloosterman sums over any subset of density below one-half satisfy the stated uniform L1 anti-concentration lower bound.		
S5-CLM-00006165	The centered random bipartite-matching cost converges to the stated normal distribution.		
S5-CLM-00006166	For finite Γ, the gain-graph matroid class M(Γ,Γ1,A) has finitely many excluded minors.		
S5-CLM-00006167	For every polygon, valenced link pattern, and kappa in (0,8), a unique global valenced multiple SLE_kappa exists.		
S5-CLM-00006168	There do not exist seven mutually unbiased bases in complex dimension six.		
S5-CLM-00006169	Every polarized maximal Calabi-Yau degeneration admits special Lagrangian torus fibrations on subsets whose normalized Calabi-Yau measure tends to one.		
S5-CLM-00006170	Every finite orientation-preserving action on a closed NPC 3-manifold preserves some NPC metric.		
S5-CLM-00006171	The stated multiplicative recurrence condition yields a Pythagorean triple with positive triple-intersection measure.		
S5-CLM-00006172	A connected locally finite quasi-transitive graph is almost planar exactly when it is quasi-isometric to a planar graph.		
S5-CLM-00006173	Every graph of maximum degree at least nine with no maximum-size clique is (Δ−1)-choosable.		
S5-CLM-00006174	Cuspidal automorphic support in the arithmetic parameter space is contained in the motivic locus.		
S5-CLM-00006175	A smooth Picard-rank-one Fano variety in characteristic zero with an endomorphism of degree greater than one is projective space.		
S5-CLM-00006176	If a nontrivial coset of a Sylow p-subgroup in a finite simple group consists entirely of p-elements, that Sylow subgroup has order five.		
S5-CLM-00006177	The specified eight-parameter Jack Littlewood-Richardson expression is a polynomial in alpha with nonnegative coefficients whenever r_2 n_4=0.		
S5-CLM-00006178	Every Gorenstein toric algebra admits a noncommutative crepant resolution.		
S5-CLM-00006179	Under GRH and simple zeros, the stated Dirichlet L-function zero sum has its predicted asymptotic uniformly for q≤T^A.		
S5-CLM-00006180	For a finitely generated nontorsion subgroup Γ of a number field, Weil height is bounded below away from zero on K(Γ^{p-div})× outside Γ^{p-div}.		
S5-CLM-00006181	Every triple of partitions has an integral Stanley-sum rule whose evaluation computes its Jack Littlewood-Richardson coefficient.		
S5-CLM-00006182	For every smooth symmetric cost satisfying the stated symmetries, the normalized permanent has Pal's exponential/Fredholm-determinant asymptotic.		
S5-CLM-00006183	The matching moment-generating function F_(k,m,n) has no zero in the open disk of radius mn/k.		
S5-CLM-00006184	Every entire critical abelian Yang-Mills-Higgs field with density 2 pi and the stated boundary behavior is a gauge-translated pullback of the degree-one planar solution.		
S5-CLM-00006185	The Bollobas-Nikiforov spectral inequality holds for every noncomplete graph.		
S5-CLM-00006186	For every non-Archimedean place v, the modular Galois representation rho_{f,v} has property B.		
S5-CLM-00006187	Under GRH and simple zeros, the negative second moment of one primitive Dirichlet L-function has the stated asymptotic.		
S5-CLM-00006188	Projective Lagrangian fibrations related by a Tate-Shafarevich twist have deformation-equivalent total spaces.		
S5-CLM-00006189	On a suitable open subset of the intersection of two flag nilradicals, all induced quotient maps have Jordan types given by the relative-position growth diagram.		
S5-CLM-00006190	The locally analytic torus action on the Igusa coordinate algebra extends to the overconvergent nearly holomorphic module.		
S5-CLM-00006191	Uniformly for even h up to x^delta, the number of prime pairs p,p+h below x has Hardy-Littlewood-order lower bound.		
S5-CLM-00006192	The critical four-dimensional PES mass is 64 pi^2 tau over chi, with boundedness, loss of compactness, and unboundedness on the three sides of the threshold.		
S5-CLM-00006193	For k=3,...,d+1, the random hitting angles for chromatic number above k and for a spherical neighborhood-complex witness coincide with probability tending to one.		
S5-CLM-00006194	All algebraic relations in grMZV arise from comparing the two shuffle-algebra maps.		
S5-CLM-00006195	Special-cycle classes are defined in L2 cohomology and their generating series is a modular form.		
S5-CLM-00006196	The arithmetic spectral support of rational-valued cuspidal automorphic functions lies in the motivic locus.		
S5-CLM-00006197	Every exponent beta_j in the relevant Iwasawa elementary decomposition equals one.		
S5-CLM-00006198	For k≤22, the semisimplified kth cohomology of a smooth proper Deligne–Mumford stack over Spec Z is built from Tate twists of the listed low-weight Galois representations.		
S5-CLM-00006199	For every positive integer k, sigma(n+1)=k sigma(n) has infinitely many solutions.		
S5-CLM-00006200	For every complex KLT log Fano pair, both the lower F-signature and lower alpha invariant are positive.		
S5-CLM-00006201	Cuspidal automorphic functions on Bun_G(F_q) decompose as the direct sum of their nilpotent-orbit pieces.		
S5-CLM-00006202	Every sufficiently large r-uniform s-connector satisfying the stated size inequality arrows the prescribed colored matching vector.		
S5-CLM-00006203	The C4-free subclass of every chi-bounded graph class is linearly chi-bounded.		
S5-CLM-00006204	Khovanov homology of a link is the value of a fully extended four-dimensional TQFT on its complement.		
S5-CLM-00006205	The SL(2,Z)-orbit graphs of primitive square-tiled surfaces in H(2) form an expander family.		
S5-CLM-00006206	For a Poisson structure on a Fano manifold, every even degeneracy locus D_{2k} below the ambient dimension has an irreducible component of dimension at least 2k+1.		
S5-CLM-00006207	Every planar graph satisfies Wegner's stated tight piecewise upper bound on its square chromatic number as a function of maximum degree.		
S5-CLM-00006208	Every graph of minimum degree at least k contains a cycle whose length is divisible by k.		
S5-CLM-00006209	For every r at least two, infinite-type interval translation maps form a measure-zero subset of ITM(r).		
S5-CLM-00006210	The logarithmic Gromov-Witten generating series of the stated elliptic fibration is, after normalization, a component of a higher-depth vector-valued mock modular form.		
S5-CLM-00006211	For an allowable family of extensions of a number field, 100 percent of extensions give no new integral points on a fixed hyperbolic-curve model.		
S5-CLM-00006212	Corrected boundary-supported special cycles admit a Chow-valued Hermitian modular generating series of weight a+b.		
S5-CLM-00006213	Every graph H of treewidth two has graph-bootstrap percolation running time M_H(n)=O(n).		
S5-CLM-00006214	Every sufficiently large-rank-width graph contains each fixed bipartite circle graph as a pivot-minor.		
S5-CLM-00006215	Every claw-free graph is chromatic-choosable.		
S5-CLM-00006216	The rainbow Hamiltonicity bias threshold is asymptotic to n^2/log n.		
S5-CLM-00006217	Every family of log abelian varieties over a log-smooth base satisfies the stated Néron mapping property for log-smooth morphisms.		
S5-CLM-00006218	Every interval in the permutation-pattern poset is rank-unimodal.		
S5-CLM-00006219	The polynomial volume growth of a zero-entropy automorphism never lies strictly between (d-1)^2+1 and d^2.		
S5-CLM-00006220	Finite graphs are well-quasi-ordered by the vertex-minor relation.		
S5-CLM-00006221	For fixed dimension g and number field K, the geometric etale fundamental group of every corresponding Neron model has uniformly bounded order.		
S5-CLM-00006222	On every chaotic compact manifold, a density-one subsequence of Laplace eigenfunctions is sign-balanced above the stated logarithmic wavelength scale.		
S5-CLM-00006223	Every properly edge-colored Dirac graph has a Hamilton cycle using at least n/2-o(n) distinct colors.		
S5-CLM-00006224	For nonsingular matrices over F_p, the stated mod-p group-ring identity implies its integral counterpart.		
S5-CLM-00006225	Primitive origami orbit graphs in a nonarithmetic-subvariety family grow at least as n^(dim H-1).		
S5-CLM-00006226	Under GRH and simple zeros, the character-averaged negative second moment has the stated asymptotic.		
S5-CLM-00006227	An immersion of a four-manifold with sufficiently small normal curvature is conformal to a positive bi-Ricci metric.		
S5-CLM-00006228	Under sufficiently large displacement, every n-generated group-ring ideal has a free resolution of length rank minus one.		
S5-CLM-00006229	The future Lorentz-distance family to positive-time Cauchy slices is locally equi-Lipschitz.		
S5-CLM-00006230	Infinitely many hyperbolic rational homology three-spheres have first coexact one-form eigenvalue greater than two.		
S5-CLM-00006231	For every a>1/2, the Robin Morse index is two in mode |k|=0 and zero in all modes |k|>=2.		
S5-CLM-00006232	MBQC is efficiently classically simulable on every proper vertex-minor-closed graph class.		
S5-CLM-00006233	On every vertex-nonamenable graph, simple random walk has a positive linear range constant.		
S5-CLM-00006234	Antipodal two-colorings of a hypercube have the stated monochromatic or one-switch antipodal paths and geodesics.		
S5-CLM-00006235	For all n and s, the nonuniform matching extremal number equals the maximum size among the four displayed construction families.		
S5-CLM-00006236	For fixed k>=4 and L>k, sufficiently large n-vertex graphs with circumference at most L maximize C_k copies at H(n,L).		
S5-CLM-00006237	For positive integers a,b,c, ax^2+by^2=cz^2 is partition regular exactly when c is a, b, or a+b.		
S5-CLM-00006238	For some ε>0 and infinitely many orders n, a connected vertex-transitive digraph has perimeter gap at least εn.		
S5-CLM-00006239	For every k, sufficiently large minimum out-degree forces k vertex-disjoint directed cycles of pairwise distinct lengths.		
S5-CLM-00006240	Every transitive subgroup G of S_n has diameter polynomially bounded in n.		
S5-CLM-00006241	A finite-index noncritical-at-infinity Allen-Cahn solution in R^3 has finitely many far-out level-set components, each asymptotic to a plane or catenoid and graphical in a common direction.		
S5-CLM-00006242	There exists a finitely generated group whose reduced C*-algebra is C*-selfless but not exact.		
S5-CLM-00006243	No non-CM elliptic curve over Q has a p-coincidence for any prime p>=5.		
S5-CLM-00006244	For all relevant n,p,q, the recursively defined group J_n^{p,q} equals the automata transformation group K_n^{p,q}.		
S5-CLM-00006245	Every invariant measure on the uncountable structure space is a mixture of ergodic invariant measures.		
S5-CLM-00006246	The expected heat trace of a quantum disc has the stated area leading term and a negative t^(−1/2+o(1)) correction.		
S5-CLM-00006247	Every symmetric convex region in R^d has maximal sum-free density at most one half.		
S5-CLM-00006248	The essential image of the q-monodromic Shv(G)-module composition is exactly the objects whose underlying AGCat object comes from DGCat.		
S5-CLM-00006249	The normalized minimum size s(n)/(n log n) for universal graphs for trees has a limit.		
S5-CLM-00006250	A smooth submanifold nondegenerate inside a Hypothesis-D affine subspace has convergent-Gallagher induced Lebesgue measure.		
S5-CLM-00006251	For G(n,1/2), the expected Lovász theta value is asymptotic to sqrt(n).		
S5-CLM-00006252	The expected injective norm of an iid mean-zero random tensor is comparable, up to an order-dependent constant, to the largest expected maximum fiber l2 norm.		
S5-CLM-00006253	For all sufficiently large m, consecutive Ruzsa numbers differ in absolute value by at most one.		
S5-CLM-00006254	A finite set of minimal-Lagrangian area values determines a Kähler–Einstein metric on Σ×Σ up to an identity-homotopic isometry.		
S5-CLM-00006255	Interval translation maps on r intervals corresponding to irrational circle rotations form a full-measure subset of ITM(r).		
S5-CLM-00006256	The dual tropical object L_p^vee equals Q_p.		
S5-CLM-00006257	Every field representation of a 3-connected elementary lift of a frame matroid is projectively equivalent to the incidence representation coming from an affine-group gain function realizing the biased graph.		
S5-CLM-00006258	Every smooth stable presentable category linear over an E-infinity ring spectrum has a single compact generator.		
S5-CLM-00006259	A partition has Conway pair (0,1) exactly when it is an even-by-even hook.		
S5-CLM-00006260	A triangulation of an n-manifold is tight if and only if it is strongly minimal.		
S5-CLM-00006261	The toric ideal of every matroid base polytope is generated in degree two.		
S5-CLM-00006262	The stated Andrade-Keating asymptotic evaluates averaged ratios of quadratic Dirichlet L-functions over the function-field family by the signed-shift Euler-product expression with o(|D|) error.		
S5-CLM-00006263	The sum over zeta zeros 0<gamma<T of 1/|zeta'(rho)| is O(T sqrt(log T)).		
S5-CLM-00006264	Every composite n with phi(n+12)=phi(n)+12 and sigma(n+12)=sigma(n)+12 equals p(p+8) for a prime quadruplet p,p+2,p+6,p+8.		
S5-CLM-00006265	For every infection rule H, log M_H(n)/log n has a limit as n tends to infinity.		
S5-CLM-00006266	Large 2-modular witnesses contain exact-size 4-modular witnesses, and more generally large q-modular witnesses admit the stated polynomial-cost lift to 2q.		
S5-CLM-00006267	Every k-uniform hypergraph of minimum codegree at least n/k has a spanning tight component.		
S5-CLM-00006268	Every weighted graph excluding a fixed d-fat minor has a balanced separator coverable by O(sqrt(n)) bounded-radius balls.		
S5-CLM-00006269	Every graph of maximum degree Delta has an equitable tree k-coloring for k>=(Delta+1)/2.		
S5-CLM-00006270	The transform of the semistable structure sheaf is isomorphic to the shriek-pushforward of the structure sheaf in the stated category.		
S5-CLM-00006271	The two discrete line ensembles converge uniformly on compact sets to the Airy line ensemble.		
S5-CLM-00006272	Every noncomplete K4-free graph satisfies lambda_1^2+lambda_2^2<=4m/3.		
S5-CLM-00006273	The only regular cycle-conformal braces are complete bipartite graphs K_{ell,ell}.		
S5-CLM-00006274	The (d+2)-chromatic transition in the random Borsuk graph occurs at c(d)(log n/n)^(1/d).		
S5-CLM-00006275	Every connected graph has equitable chromatic number at most its maximum degree, apart from the stated complete, odd-cycle, and balanced complete-bipartite exceptions.		
S5-CLM-00006276	Minimum out-degree r forces r directed cycles, each meeting all earlier cycles in at most one vertex.		
S5-CLM-00006277	Every intersecting k-uniform family with n greater than 10k has at most the stated number of distinct symmetric differences.		
S5-CLM-00006278	Every nonidentity permutation pattern is inversion monotone.		
S5-CLM-00006279	The root-counting measures of high-order Heun spectral polynomials converge to a positive measure depending only on Q_k.		
S5-CLM-00006280	Every relatively categorical theory has the Gaifman property.		
S5-CLM-00006281	For every finite group G and fixed positive genus number t, fields in the specified family admitting an abelian tower and having genus number t have density zero.		
S5-CLM-00006282	Every directed graph of minimum out-degree k ell and every oriented graph of minimum out-degree k ell/2 contains a (k,ell)-spider.		
S5-CLM-00006283	For any smooth manifold homeomorphic to K3#K3#(S^2xS^2), deleting a small 4-ball leaves a manifold with a nontrivial boundary Dehn twist.		
S5-CLM-00006284	The log Gromov-Witten generating vector for the mirror of P^2 is a depth-r mock modular form of weight -3/2.		
S5-CLM-00006285	For s growing faster than log n, the rainbow-connectivity game bias is asymptotic to sn/log n.		
S5-CLM-00006286	A simple lifted modular geodesic has a rational, quadratic, or transcendental endpoint.		
S5-CLM-00006287	No closed symplectically aspherical manifold admits a positive-scalar-curvature metric.		
S5-CLM-00006288	The shifted signed stable CSM Schur coefficient polynomials have nonnegative binomial-basis coefficients whose nonzero sequence is log-concave.		
S5-CLM-00006289	For every graph H, every rational between v(H)-e(H)/Delta(H) and v(H) is realizable for H.		
S5-CLM-00006290	Every connected n-vertex graph has both-sign 2-energy minimum at least n-1.		
S5-CLM-00006291	The graphical cycle polynomial of every chordal graph has only real roots.		
S5-CLM-00006292	The stated expression bounds the total number of cliques in every K_(ell+1)-free r-graph, with the specified multipartite hypergraph as the unique divisible extremizer.		
S5-CLM-00006293	The multiplicative group of a noncommutative division ring has no nilpotent maximal subgroup.		
S5-CLM-00006294	The 2-core of the sparse random graph's giant component is asymptotically determined by its spectrum.		
S5-CLM-00006295	Under the stated smallness conditions, every inertial Winfree solution exhibits oscillator death.		
S5-CLM-00006296	If no line contains more than (1/2-delta)n points of a noncollinear two-colored n-point set, then it determines at least epsilon n^2 monochromatic lines for some epsilon(delta)>0.		
S5-CLM-00006297	For every d and 3<=k<=d+1, chromatic number greater than k has a sharp threshold in the random Borsuk graph.		
S5-CLM-00006298	The stated Ramsey-function bound controls chi for complement-mK_s-free graphs in every chi-bounded class.		
S5-CLM-00006299	Some integer m makes every planar graph (5m-1,m)-choosable.		
S5-CLM-00006300	Above the critical coupling, every solution of the inertial Winfree model exhibits oscillator death for every initial condition and positive inertia.		
S5-CLM-00006301	Imposing equivariance under the full group cannot increase the minimum fiber dimension relative to a data subgroup.		
S5-CLM-00006302	Every graph excluding a fixed 3-fat minor has a bounded-diameter connected partition with bounded local cluster overlap.		
S5-CLM-00006303	The Frobenius-Perron dimension of the stated G2 category equals the displayed trigonometric formula.		
S5-CLM-00006304	Sums of k dth roots achieve the stated uniform inhomogeneous approximation exponent on the circle.		
S5-CLM-00006305	For large p in P_3, a positive proportion of prime divisors of Phi_{4p}(2) are congruent to 1 modulo 16.		
S5-CLM-00006306	For a general smooth member of every irreducible real equiclassical family, the associated class line bundle is nonspecial, equivalently the stated cohomology group vanishes and the focal map has maximal rank.		
S5-CLM-00006307	As opposite labels coalesce in the stated topological Yang-Mills-Higgs problem, matter energy diverges under full back-reaction and curvature obeys the stated dimension-dependent four- and two-dimensional asymptotics.		
S5-CLM-00006308	Every connected graph-bootstrap rule with sublinear growth has either constant or logarithmic growth.		
S5-CLM-00006309	Adjacent partition triples admit hook correspondences that carry the two Jack Littlewood-Richardson expressions to each other modulo the common hook.		
S5-CLM-00006310	For every p>=2, the negative p-energy of any connected n-vertex graph is at least that of K_n.		
S5-CLM-00006311	Properly edge-colored Dirac graphs contain bounded-degree spanning trees using cn-o(n) colors.		
S5-CLM-00006312	The normalized-volume spectrum of compact right-angled polyhedra has the proposed sharp interval bounds.		
S5-CLM-00006313	When L_N/N tends to tau and the loss is 1/N, the empirical spectral distribution of B_{L_N}^*B_{L_N} converges in probability to the free small-loss measure mu_tau.		
S5-CLM-00006314	The normalized-volume minimizer of every symplectic singularity is divisorial.		
S5-CLM-00006315	For p>2, every G-group P has a G-central series beginning at gamma_2^G(P) whose successive indices satisfy the stated M^G(P)-dependent bounds.		
S5-CLM-00006316	The stated Lagrangian correspondence quantizes to the BV-BFV bimodule and its induced map equals the Reshetikhin-Turaev map.		
S5-CLM-00006317	Even cohomology of Mbar_{g,n} through degree 20 is tautological.		
S5-CLM-00006318	Polynomial simulation of the consistency statement is equivalent to provability in EA plus Con_S.		
S5-CLM-00006319	If the first dynamical degree grows like n^k, then polynomial volume growth is at least d+k(k+2)/4.		
S5-CLM-00006320	The Hasse-Witt invariant is the degree-(p-1) period truncation up to sign, and its normalized mirror-map expression is p-integral and congruent to one modulo p.		
S5-CLM-00006321	For every m, excluding the complement of m disjoint edges makes every chi-bounded class linearly chi-bounded.		
S5-CLM-00006322	Every sufficiently large x has, in a fixed-power polylogarithmic left neighborhood, an integer with omega(n) at least C log_2(n)/log_3(n), for each positive C.		
S5-CLM-00006323	For each of the four exceptional compact surfaces listed, every finitely generated periodic homeomorphism subgroup is finite.		
S5-CLM-00006324	Every automorphism of the power semigroup of a cancellative monoid preserves the singleton-generated subsemigroup.		
S5-CLM-00006325	The stated twists of X_(1,0)(N,MN) solve the moduli problem for elliptic curves with prescribed torsion and intrinsic subgroup over every field.		
S5-CLM-00006326	The Paley equiangular tight frame satisfies the restricted isometry property beyond the square-root bottleneck.		
S5-CLM-00006327	For every p at least 2, the sum of two copies of the closed eta(T_p) set has empty interior.		
S5-CLM-00006328	The Unpin_AVOID problem is PSPACE-complete in every stated case, including its simple variant for at least four strands.		
S5-CLM-00006329	The width omega(A) of every full-spark (2M-1)-by-M real matrix decays exponentially in M relative to its largest row norm.		
S5-CLM-00006330	Every admissible shifted Plücker coefficient sequence is nonnegative and log-concave.		
S5-CLM-00006331	Integer programs with fixed totally Delta-modular constraint matrices are polynomial-time solvable.		
S5-CLM-00006332	Every diameter-two product-maximizing n-gon has the conjectured odd regularity or even symmetry and diameter-graph structure.		
S5-CLM-00006333	Above the stated p threshold, a randomly perturbed dn-regular graph with d greater than one half has a triangle packing covering all but o(n^2) edges with high probability.		
S5-CLM-00006334	For each prime p not dividing N, a weighted homogeneous degree-(p-1) polynomial controls the Cartier action and has q-expansion congruent to 1 modulo p.		
S5-CLM-00006335	Under the N_1 embedding hypothesis, the naive atomic decomposition of a blowup is the sorted concatenation of those of X and c-1 copies of that of Z.		
S5-CLM-00006336	The threshold bias for the rainbow spanning-tree Maker-Breaker game is asymptotic to n^2/log n.		
S5-CLM-00006337	Every Lagrangian fibration has the stated multiplicative decomposition, with its tangent-bundle Chern classes lying in the prescribed summands.		
S5-CLM-00006338	There exists an MRD code of the stated rectangular parameters whose one-row puncturing embeds in an MRD code of the stated square parameters.		
S5-CLM-00006339	Two tame tangles have the same tangle type exactly when common-dimension mosaics are related by mosaic Reidemeister moves.		
S5-CLM-00006340	For every bipartite infection graph H, the maximum bootstrap-percolation time is little-o of ex(n,H).		
S5-CLM-00006341	An expanding integer toral endomorphism has a linear Markov partition exactly when some matrix power is diagonalizable with integer eigenvalues.		
S5-CLM-00006342	For every alternating permutation w, w is below f_n(w) in Bruhat order.		
S5-CLM-00006343	Every Jack Littlewood-Richardson rule on a triple extends to a window rule by fixed outside hooks and the same inside rule.		
S5-CLM-00006344	Under the listed hypotheses the adjusted coarse map induces all asserted end-homotopy isomorphisms, and an additional isomorphism on ends yields a coarse homotopy equivalence.		
S5-CLM-00006345	Every polynomial-dimensional circuit dynamical Lie algebra admits a representation in which the stated simulation preprocessing is polynomial-resource.		
S5-CLM-00006346	For all sufficiently large k in the stated 3-smooth semigroup, no prime r simultaneously has ord_r(2)=4k and a semigroup-friable quotient (r-1)/(4k).		
S5-CLM-00006347	Every bounded-treewidth graph class is rainbow separable.		
S5-CLM-00006348	The reversed-opening frayed weave's flag moduli equal the intersection of cluster tori along the maximal green sequence.		
S5-CLM-00006349	Every connected k-uniform n-vertex hypergraph has cop number O(sqrt(n/k)).		
S5-CLM-00006350	Every cycle-conformal brace is a complete bipartite graph.		
S5-CLM-00006351	The GKP row-generating polynomials are coefficientwise Hankel-totally positive in all seven variables.		
S5-CLM-00006352	Adjacent triples of partitions related by one pivot have Jack Littlewood-Richardson coefficients congruent modulo the common hook.		
S5-CLM-00006353	For every fixed orientable surface Sigma, SimplePin(Sigma,4) is NP-complete.		
S5-CLM-00006354	The rainbow perfect-matching Maker-Breaker bias threshold is asymptotic to n^2 divided by 2 log n.		
S5-CLM-00006355	All Kazhdan-Lusztig immanants of ribbon decomposition matrices are Schur positive.		
S5-CLM-00006356	Pointwise-isomorphic smooth families with constant infinitesimal automorphism dimension are generically locally isomorphic.		
S5-CLM-00006357	Every claw-free perfect graph has list-chromatic number equal to its chromatic number.		
S5-CLM-00006358	There is an absolute constant c such that the no-isolated-matching threshold delta_k(n) stays within c of n/k for every k and n.		
S5-CLM-00006359	Under the stated weaker endpoint hypotheses on psi, the selected BBM velocity has the standard square-root-two limit and pi-squared logarithmic correction.		
S5-CLM-00006360	Every digraph either half-integrally packs k directed cycles of distinct lengths or has a bounded vertex deletion leaving only boundedly many cycle lengths.		
S5-CLM-00006361	For each k, only finitely many prime critically k-frustrated signed graphs exist.		
S5-CLM-00006362	Each color threshold of the random Borsuk graph occurs at a distinct constant multiple of n^(-1/d), with the stated zero-one law.		
S5-CLM-00006363	Equivariant Chern-Mather coefficients of symmetric-subgroup orbit closures are positive sums in simple roots.		
S5-CLM-00006364	For every n>=3, a pencil of two independent real GOE_n matrices has branch points uniformly distributed on CP^1.		
S5-CLM-00006365	There is a continuous pairing between cusp and open geodesic currents extending geometric intersection of the corresponding curves.		
S5-CLM-00006366	For every place x, the spectral support of the O-piece of compactly supported discrete automorphic functions is contained in R_{q_x,O}.		
S5-CLM-00006367	For a quantum disc, log K(t)/log t converges in probability to 1/2.		
S5-CLM-00006368	For every n, the complex Banach–Mazur distance between l1^n and l∞^n equals √n.		
S5-CLM-00006369	For every n-vertex graph, every k>=2, and every negative real x, the k-th derivative of log((-1)^n P(G,x)) is negative.		
S5-CLM-00006370	For a general tensor of the stated format, the span of its singular vector tuples equals the critical hyperplane except in exactly three listed formats, with the stated codimension there.		
S5-CLM-00006371	For generic Q_k, the limiting spectral support is the union of admissible Stokes-period arcs.		
S5-CLM-00006372	Under GRH and simple zeros, the weighted character-family second moment has the stated asymptotic.		
S5-CLM-00006373	The ELX conjecture gives an exact Hermitian-variety intersection maximum and characterizes its extremal hypersurfaces.		
S5-CLM-00006374	Every n pairwise-intersecting bi-infinite x-monotone k-intersecting curves admit O_k(n) tangencies.		
S5-CLM-00006375	Among connected n^d-point induced subgraphs of the d-dimensional lattice, the n-by-...-by-n box maximizes spanning-tree count, uniquely up to lattice symmetries.		
S5-CLM-00006376	For every positive N and j=0,...,N, the spectral-parameter operators X_j^(N)(z) commute with X_j^(N)(w).		
S5-CLM-00006377	A random generic structure obtained from an invariant measure on the stated Fraisse limit is rigid.		
S5-CLM-00006378	Infinitely many n satisfy the stated uniform upper bounds for both omega(n-k) and Omega(n-k) over the indicated ranges of k.		
S5-CLM-00006379	The minimum circumference functions for vertex-transitive graphs and digraphs have the same asymptotic order.		
S5-CLM-00006380	Below the stated density threshold, the chromatic number of the random Borsuk graph is asymptotically concentrated on two consecutive integers.		
S5-CLM-00006381	For log-concavity index quadruples, both the A-module and C-module tensor products admit the displayed FI-sharp module inclusions.		
S5-CLM-00006382	The maximum number of K_{t,t} copies in an n-vertex K_{2,t+1}-free graph is asymptotic to n²/[2t(t−1)].		
S5-CLM-00006383	The Weil-invariant cuspidal subspace indexed by O equals the corresponding full cuspidal O-piece.		
S5-CLM-00006384	The Weil subspace inclusion into each l-adic cuspidal orbit piece is an isomorphism.		
S5-CLM-00006385	For every d at least 2 and k at least 1, suitable weighted shifted d-th roots admit cancellation through order dk-1, yielding g_{k,d}(N) of order at most N^{-(k-1/d)}.		
S5-CLM-00006386	Degree-4 Sum-of-Squares bounds the Paley graph clique number by O(p^(1/2-epsilon)) for some positive epsilon.		
S5-CLM-00006387	The tempered, equivalently nondegenerate, compactly supported automorphic subspace is defined over the rationals.		
S5-CLM-00006388	The sum of two copies of the closure of eta(T_2) has Lebesgue measure zero.		
S5-CLM-00006389	The selected branching Brownian motion has leading speed √(2(1−δ)) and a negative c/(log N)^2 correction under the stated selection-floor assumptions.		
S5-CLM-00006390	On the SU(2,2)~SO(4,2) Shimura variety, the orthogonal codimension-two special-cycle series is the Saito-Kurokawa lift of the unitary series.		
S5-CLM-00006391	When m=1 or l is undivisible, the Frobenius–Perron dimension of C(g,e,l,q) equals |Q| times the displayed product.		
S5-CLM-00006392	A threshold k1 separates the two displayed asymptotic formulas for the rainbow r-uniform Turán quantity.		
S5-CLM-00006393	For isolated singular central fiber and n greater than one, the analytic-torsion coefficient is independent of H and m and satisfies the stated kernel-dimension formula.		
S5-CLM-00006394	Among connected n-vertex graphs, the path minimizes positive p-energy for every integer p at least two.		
S5-CLM-00006395	Every Eulerian graph has strong-majority edge chromatic number at most three.		
S5-CLM-00006396	The higher Courant algebra Cour_{n-1}(H) is canonically equivalent to the stated symmetry L-infinity algebra.		
S5-CLM-00006397	The projection volume of B_q^m is at most 2^n times that of its positive-orthant cap, with equality exactly for subspaces having the stated disjoint-support positive basis.		
S5-CLM-00006398	For every r>=5, the maximum M(r) is attained by the boundary run N_r(r-1).		
S5-CLM-00006399	For every infection rule H, the unrestricted and percolating-start maximum running times M_H(n) and M'_H(n) have the same asymptotic order.		
S5-CLM-00006400	The l-adic cuspidal filtration intersection equals the sum of pieces indexed by nilpotent orbits in Y.		
S5-CLM-00006401	The rational cuspidal filtration intersection equals the sum of pieces indexed by nilpotent orbits in Y.		
S5-CLM-00006402	The excursion-algebra action on automorphic objects is compatible with rational structures.		
S5-CLM-00006403	For n≥5, K(n,p,q) maximizes λ1+λ2 among n-vertex graphs, with equality only for that graph.		
S5-CLM-00006404	The reciprocals of the zeros of the Hua–Pickrell entire-function diffusion solve the displayed infinite-dimensional stochastic differential equation.		
S5-CLM-00006405	Applying the stacking operation to a losing partition in the stated circumstances produces a P-position.		
S5-CLM-00006406	m(n) is asymptotic to four thirds times n^(3/2) divided by log n.		
S5-CLM-00006407	The holonomic singular locus of a regular rational polypol is contained in the listed hyperplanes and projective duals, and for generic boundary all listed components occur.		
S5-CLM-00006408	Except for two listed parameter tuples, the stated monomial almost complete intersection fails WLP exactly under the given parity and equality conditions.		
S5-CLM-00006409	The stated small-normal-curvature immersion condition forces the induced metric to be conformal to one whose four Ricci eigenvalues satisfy the strict three-versus-one inequality.		
S5-CLM-00006410	The map alpha_T has the stated maximal rank for a general tensor.		
S5-CLM-00006411	The r-th sequential topological complexity of S^3/Q_{8m} equals 3r.		
S5-CLM-00006412	Every properly edge-colored n-vertex graph of minimum degree at least cn, for c>1/2, contains at least n/8 Hamilton cycles each using at least cn-o(n) colors.		
S5-CLM-00006413	For every Master-Hit, the canonical integer xi^2+eta^2 is never a square.		
S5-CLM-00006414	Every graph class of bounded merge-width also has bounded short merge-width.		
S5-CLM-00006415	For every almost-basic set U, all positive-degree cohomology groups H^k(U,LIP) vanish.		
S5-CLM-00006416	The Hartshorne-Rao module of a general union of r skew lines in P^3 has the strong Lefschetz property.		
S5-CLM-00006417	The multivariate period module D_B(V) is finitely presented.		
S5-CLM-00006418	The proposed AMP iterates converge to the stated fixed-point state evolution and vector equilibrium with the asserted limiting distribution.		
S5-CLM-00006419	The image eta(D_q) contains no nonintegral algebraic numbers.		
S5-CLM-00006420	Every two-prime Delta-primitive number is either 24 or 40.		
S5-CLM-00006421	Almost every finite-depth, finite-width local Floquet circuit lacks a complete exponentially localized set of conserved quantities.		
S5-CLM-00006422	The matroid class associated with a Frobenius group, its kernel, and its complements has a sequence of universal models.		
S5-CLM-00006423	For every delta>=1 and q>=3, the extremal q-kernel constant is 1/(delta+1).		
S5-CLM-00006424	For r cross-intersecting families with every bias at most (r-1)/r, the product of their biased measures is at most the product of the biases.		
S5-CLM-00006425	For each of the two specified rank-2-attractor parameters, the four-dimensional etale representation is the restricted direct sum of the stated weight-four and twisted weight-two modular representations.		
S5-CLM-00006426	The probability of the centered subset sum being nonnegative satisfies the stated hypergeometric lower bound for every admissible n, k, and weight vector.		
S5-CLM-00006427	For all sufficiently large orders, the path uniquely minimizes spectral sum among connected graphs.		
S5-CLM-00006428	The Liouville density obeys the stated mixed-norm Strichartz estimate when a'=dp, b=dp/(d+1), and p>(d+1)/d.		
S5-CLM-00006429	Every height from 1 through M(p) occurs as A(pqr) for arbitrarily large primes q and r.		
S5-CLM-00006430	Every sufficiently large short interval of the stated length contains an integer with many distinct prime factors.		
S5-CLM-00006431	Each relevant matroid-flat hypersurface factor occurs in E_L with its local multiplicity.		
S5-CLM-00006432	For D_d at least 2, the stringy motive of the corresponding linear Z/p quotient equals that of the linear alpha_p quotient.		
S5-CLM-00006433	For every q>0, the pulled-back L2 metric on the stated higher direct image is good in Mumford's sense.		
S5-CLM-00006434	No stationary online inference-caching algorithm has worst-case acquisition cost little-o of 2^H log N expert creations.		
S5-CLM-00006435	Any generalized crossing change that preserves a knot type must occur at a nugatory crossing.		
S5-CLM-00006436	All q-Fibonomial polynomials [m+n choose n] are unimodal.		
S5-CLM-00006437	For every positive multiple k of 3, D(k,Z^2) is strictly less than 1-2/k.		
S5-CLM-00006438	A finite integer set with Littlewood norm O(log N) has dimension O((log N)^2).		
S5-CLM-00006439	Every automorphism of both P(Z) and its reduced large power monoid P0(Z) is inner.		
S5-CLM-00006440	Under either displayed small-time or small-budget condition, every budget-constrained strategy asymptotically almost surely fails to create K5.		
S5-CLM-00006441	The Almost-Golomb thresholds satisfy j_(k+1)-j_k=G(k), equivalently j_k=S(k-1)+2, for all k at least 4.		
S5-CLM-00006442	For every infection graph H with at least three edges, the maximum percolation time is bounded by the minimum extremal number of H-e.		
S5-CLM-00006443	Among the stated periodic lattice quotients with n^d vertex orbits, the standard product torus uniquely maximizes the spanning-tree count.		
S5-CLM-00006444	The global coefficients a^M(S_N,O_gamma) grow at most polylogarithmically in N.		
S5-CLM-00006445	The Frankl-Kupavskii formula gives e((m+1)s-ell,s)=|P(m,s,ell)| in the stated parameter range.		
S5-CLM-00006446	The cohomology ring of the pure symmetric automorphism group has the stated degree-one generators and defining relations.		
S5-CLM-00006447	M(n) is asymptotic to one sixth times n cubed divided by log n.		
S5-CLM-00006448	For every n at least two, the discrete-gradient-matching complexes of the n-simplex and its boundary are homotopy equivalent.		
S5-CLM-00006449	A cycle avalanche complex whose binary zero set is one residue class modulo k is homotopy equivalent to S^(k-2).		
S5-CLM-00006450	For every surface, SimplePin with four strands is NP-complete.		
S5-CLM-00006451	The exterior Cauchy transform of the unique oval of a nonsingular even-degree real plane curve is not algebraic.		
S5-CLM-00006452	The average analytic rank over positive square-free twists C_d in the stated family is 1/4.		
S5-CLM-00006453	A general union of s flat fat points of multiplicity m in P^2 has the generic Hilbert function whenever m>=4 and s>=2m-3.		
S5-CLM-00006454	Adding a pendant vertex to any connected H makes the maximum running time either bounded or of the same order as for H.		
S5-CLM-00006455	Every Master-Hit has a prime divisor of f_1 occurring to exponent one and coprime to every member of its obstruction set.		
S5-CLM-00006456	Sun's two stated congruence classes of integers admit the corresponding representations by two squares and a square of a 2-3 or 2-5 smooth number.		
S5-CLM-00006457	Every graph of average degree at most d has both median eigenvalues bounded in absolute value by sqrt(d-1).		
S5-CLM-00006458	Under the stated complementary even-weight ordering and dimension bound, the chosen odd periods, equivalently the corresponding Eisenstein-product differences, are linearly independent.		
S5-CLM-00006459	Under the stated weight ordering and dimension bound, the selected even periods, equivalently the associated Rankin–Cohen brackets, are linearly independent.		
S5-CLM-00006460	Every Eulerian graph is k-flow-connected for k at least four and A-flow-connected for every abelian group A of order at least four.		
S5-CLM-00006461	Every admissible pair of Schoenberg parameter sequences is realized as the Toeplitz limit of positive partial-flag points.		
S5-CLM-00006462	Every K5-minor-free graph with a correspondence 6-cover has six disjoint correspondence colorings.		
S5-CLM-00006463	If the coincidence constant C_(E,j) vanishes for a non-CM elliptic curve, then one prime p satisfies Q(E[j])=Q(E[pj]).		
S5-CLM-00006464	At N=4M-5 random complex measurements, the phase-retrieval injectivity probability is below 1 for every M and tends to 0 as M grows.		
S5-CLM-00006465	Every two-dimensional configuration of low convex pattern complexity is periodic.		
S5-CLM-00006466	For every r at least three, the prefix value a_r(r) equals Golomb's value G(r-1).		
S5-CLM-00006467	The two-color size Ramsey number of arbitrary star forests equals the stated sum of extremal pairwise arm-size parameters.		
S5-CLM-00006468	The stated signed quadratic form is positive on every nonzero primitive degree-i element.		
S5-CLM-00006469	One-box pivots give the stated congruence between normalized shifted Macdonald Littlewood-Richardson coefficients modulo the common hook.		
S5-CLM-00006470	The cluster-parking statistic satisfies the stated q,t-dihedral sieving identity for every dihedral element and permutation.		
S5-CLM-00006471	For GL2-type abelian surfaces with an ell-torsion point, ell lies in the stated finite set.		
S5-CLM-00006472	For n>8, primitive n-square origamis in H(4) have exactly the listed SL(2,Z)-orbits, distinguished by component, monodromy, parity, and HLK invariant.		
S5-CLM-00006473	The rational Chow group of Mbar_{g,n} is tautological through codimension ten.		
S5-CLM-00006474	Every ordered Chomp triple has at most one nonnegative fourth coordinate extending it to a P-position.		
S5-CLM-00006475	The odd-partition numerator evaluated at -1 is o(n!).		
S5-CLM-00006476	Every nontrivial K4-free graph with independence number at least n/3 satisfies λ1²+λ2²≤4m/3.		
S5-CLM-00006477	For each deficit d up to floor(binomial(n,2)/3), the coefficients of q^j t^{M-d-j} in C_n(q,t) are constant throughout d<=j<=M-2d.		
S5-CLM-00006478	Infinitely many n satisfy omega(n-k)<=k for every integer 1<=k<n.		
S5-CLM-00006479	The stated path extremal function obeys the proposed upper-bound versus Omega(n^(k+1)) dichotomy.		
S5-CLM-00006480	The coefficients c(n) have unbounded positive and unbounded negative excursions.		
S5-CLM-00006481	The stated sharp upper bound holds for the K-Hausdorff nonconvexity of Minkowski sums.		
S5-CLM-00006482	There is an infinite sequence of square-free integers obtained by appending one decimal digit at each step.		
S5-CLM-00006483	For fixed l>=r>=3, a threshold s_1 separates the two stated exact formulas for the Turan number forbidding an expanded K_{l+1} and an expanded matching M_{s+1}.		
S5-CLM-00006484	Every n-vertex break digraph has a quasi-kernel of size at most n/2.		
S5-CLM-00006485	The Sylow-p subgroup of the random bipartite sandpile group converges to the stated odd-p or p=2 distribution.		
S5-CLM-00006486	Every principal downset in the permutation-pattern poset is rank-unimodal.		
S5-CLM-00006487	For every fixed k at least six, the maximum number of k-holes is O_k(n^ceiling(k/3)).		
S5-CLM-00006488	For sparse Erdos-Renyi graphs and fixed power r, the chromatic number of the graph power is of the same order as the larger of its clique number and n over its independence number.		
S5-CLM-00006489	For every fixed r, N(n,r) is asymptotic to M(n,r) as n grows.		
S5-CLM-00006490	In the specified dimension band, the canonical affine-plus-low-threshold part of every bounded Lipschitz two-layer network satisfies the stated high-probability Rademacher multiplier bound epsilon n/4.		
S5-CLM-00006491	Every tree has a near alpha-valuation.		
S5-CLM-00006492	Every graph in the union of the stated even-hole classes is 3-colorable.		
S5-CLM-00006493	For every n at least two, the pure Morse-matching complexes of the n-simplex and its boundary are homotopy equivalent.		
S5-CLM-00006494	The graphical Stirling-number sequence of every planar graph is unimodal.		
S5-CLM-00006495	The largest critical-set size in Latin squares satisfies the stated subquadratic upper bound.		
S5-CLM-00006496	Every projection of an unconditional convex body has volume at most 2^n times its positive-orthant cap projection.		
S5-CLM-00006497	A tree is determined up to isomorphism by its Laplacian spectrum together with its (n-2,2) support-forest profile.		
S5-CLM-00006498	Every (r-1)-connected K_{1,r}-free split graph is Hamiltonian.		
S5-CLM-00006499	For every nontrivial strong Fraïssé class, one Borel code separates all associated Cohen generics from all compatible invariant-measure-random generics.		
S5-CLM-00006500	For every odd prime q with S(q) nonempty, some prime p≡1 mod q has z(p) dividing π(q).		
S5-CLM-00006501	For each fixed k>=2, the Boolean-Eulerian sequence boel(n,k), n>=k, is log-concave.		
S5-CLM-00006502	The partition coefficients c(n) satisfy the three displayed infinite families of mod-4 and mod-8 congruences.		
S5-CLM-00006503	The stated rational system has solutions only at x=(r-1)^2/2, where the solution is unique up to scaling and permutation and is the regular root-of-unity configuration.		
S5-CLM-00006504	Every positive quasimodular form has a positive-coefficient support of natural density at least one-half.		
S5-CLM-00006505	The class of every two-row Springer-fiber component is obtained by the stated nested-cup divided-difference product applied to the longest Schubert polynomial.		
S5-CLM-00006506	Every sufficiently large 2-modular witness contains a 4-modular witness of exactly the prescribed size.		
S5-CLM-00006507	Every path-free complex of a complete multipartite graph is homotopy equivalent to a wedge of spheres.		
S5-CLM-00006508	The dihedral-symmetric-group characters satisfy Lambda times Sigma equals Delta.		
S5-CLM-00006509	An odd squarefree composite with phi(n)/2 Euler liars is a Carmichael number.		
S5-CLM-00006510	The equilibrium measure of the rotationally symmetric Riesz gas is supported in R^d exactly when a is at least the critical value.		
S5-CLM-00006511	Star-shaped manifolds with two-sided sectional-curvature bounds satisfy the stated positive Kuttler-Sigillito-type lower bound for differential-form eigenvalues.		
S5-CLM-00006512	The maximum packing quantity M_P(n)(n) is asymptotic to n^3 divided by 6 log n.		
S5-CLM-00006513	For every odd prime p, the stated transversal difference number equals (2p-1)^2.		
S5-CLM-00006514	If a permutation contains the pattern 45312, then its Kazhdan-Lusztig basis element has no reversal factorization.		
S5-CLM-00006515	A meld of losing thick hooks is losing.		
S5-CLM-00006516	The proposed triod and clique-triod weak-retract condition exactly characterizes range in connected chordal graphs.		
S5-CLM-00006517	For every k>=2 and d, the monochromatic-line density parameter D(k,[k]^d) equals 1-2/k.		
S5-CLM-00006518	Among connected n^2-vertex induced square-grid subgraphs, the n-by-n square maximizes spanning-tree count.		
S5-CLM-00006519	The Morse-Novikov number of a connected sum of links, for a regular class with regular restrictions, is the sum of the two restricted Morse-Novikov numbers.		
S5-CLM-00006520	For a qualifying triangular partition, its specialized A-polynomial equals the stated weighted nu-Tamari interval enumerator and is Schur-positive.		
S5-CLM-00006521	For every positive p, the critical L^p-mean meta-Fibonacci recursion satisfies Q(n)~√(2n).		
S5-CLM-00006522	For j≫k>0, the stated C2-equivariant Adams differential is governed by the algebraic Mahowald invariant with the tabulated stem and coweight.		
S5-CLM-00006523	Whenever Ψ is injective, it is a poset isomorphism onto its image.		
S5-CLM-00006524	For all sufficiently large n, M_3(n)=binom(n-1,3)+n-3.		
S5-CLM-00006525	The specified primary-branch truncation of a one-node column family cannot decrease the DTWH submatrix norm.		
S5-CLM-00006526	When |P(s)|=1, every relevant nonsquare has a unique Delta-primitive decomposition.		
S5-CLM-00006527	Coarse homotopy groups are represented by base-ray-preserving coarse maps from the coarse sphere model.		
S5-CLM-00006528	For every two-row standard Young tableau sigma, the corresponding ideal I_sigma is prime.		
S5-CLM-00006529	The spectral-order comparison constant c_vee(d) can be chosen equal to one in every dimension.		
S5-CLM-00006530	The shifted Plucker-value sequence is log-concave after its initial zeros.		
S5-CLM-00006531	The discriminant of a random symmetric 0–1 matrix obeys the stated local divisibility limits and prime-factorized odd-square-free limit.		
S5-CLM-00006532	For k divisible by 3, no set of size at most 2k+2 doubly meets every axis-parallel or diagonal line.		
S5-CLM-00006533	Every positive weighted Bernoulli(p) sum with p at most one-third exceeds its mean with probability at least p.		
S5-CLM-00006534	Every graph satisfies lsfw(G)<=2 lrw(G)+2.		
S5-CLM-00006535	The special-cycle generating series Theta_A_n is a Chow-valued holomorphic modular form of weight 2n for SL_2(Z).		
S5-CLM-00006536	The variance of left prime truncations has the stated leading constant times log-squared ell, with an O_b(log ell) error.		
S5-CLM-00006537	In the stated generalized Kahler family, a klt central fiber with nef and big adjoint class has a neighborhood over which the total adjoint class is relatively nef and big.		
S5-CLM-00006538	The class of poset tournaments is dichromatic-number bounded.		
S5-CLM-00006539	Competing random-walk ranges in a beta-stable domain of attraction have the stated marginal and joint scaling limits.		
S5-CLM-00006540	For every admissible weight w other than six, Y_{w,2}(z) is completely positive.		
S5-CLM-00006541	The clean lexicographic five-component rank tuple has bounded-delay descent on the stated cubic Weierstrass family for a universal window.		
S5-CLM-00006542	Every additive smoothing function on cusped curves is represented uniquely by intersection with an open geodesic current.		
S5-CLM-00006543	For all g and n, every cohomology group H^k of the stable moduli space with k at most 10 is tautological.		
S5-CLM-00006544	Every class {1324} union B_i is inversion monotone.		
S5-CLM-00006545	The inversion-graph diameter of every graph is at most its maximum degree.		
S5-CLM-00006546	For a finite abelian p-group and a ring in which p is invertible, all associated operations are uniformly generated by minors of some bounded arity.		
S5-CLM-00006547	Every Macdonald adjoint L_mu^dagger preserves the integral Laurent form.		
S5-CLM-00006548	Every Master-Hit has at least one blocker.		
S5-CLM-00006549	For fixed m greater than one, the number of symmetric chain decompositions of L(m,n) grows faster than k^n for every fixed k.		
S5-CLM-00006550	The number of symmetric chain decompositions of M(n) grows faster than k^n for every fixed k.		
S5-CLM-00006551	The optimal quantum hypercontractive time grows according to the stated two-sided (p-1)^2 bounds.		
S5-CLM-00006552	The connectivity threshold for k-switch graphs of regular instances stays within a universal additive constant of 2n/(k+1).		
S5-CLM-00006553	For every d at least four, the top correction B_d^(d-2)(n) is linear with leading coefficient minus four times the Baxter number Bax(d-3).		
S5-CLM-00006554	In the stated k=Theta(sqrt(n)) range, m_k(n) has the proposed arithmetic-progression packing asymptotic.		
S5-CLM-00006555	For every k>=3, some triangle-free seed forces a k-clique in the degree-preserving game.		
S5-CLM-00006556	SETH-K-Finite equates subexponentially bounded proofs of the finite consistency statement for S+x-in-R with S proving x-in-R.		
S5-CLM-00006557	The density of non-prime endomorphisms is 3/4.		
S5-CLM-00006558	The symmetric Bernoulli walk-matrix determinant has the stated per-prime p^2-nondivisibility limits, and its limiting square-freeness probability factorizes into their product.		
S5-CLM-00006559	For each fixed reticulation number k at least two, the ratio of orchard to reticulation-visible network counts converges to a constant greater than one.		
S5-CLM-00006560	The stated restricted zero-sum sequences satisfy the MMS subset-count lower bound when n is at least (3+epsilon)k.		
S5-CLM-00006561	Infinitely many n satisfy tau(n+k) much less than k uniformly for every positive k.		
S5-CLM-00006562	The universal support-forest combinations together with the Laplacian spectrum determine all embedded forest counts, and therefore distinguish trees.		
S5-CLM-00006563	The H-free edge-subdivision problem has the stated NP-complete classification, and under ETH admits no 2^o(k) polynomial-time algorithm in those cases.		
S5-CLM-00006564	The indicated infinite-group gain-graph matroid class has infinitely many excluded minors.		
S5-CLM-00006565	The cohomology class of each two-row Springer-fiber component equals the stated monomial-cup product.		
S5-CLM-00006566	Every sufficiently large Hamiltonian P4+sP1-free graph is not uniquely Hamiltonian.		
S5-CLM-00006567	For every l, the coefficient sequence alpha_{0,l},...,alpha_{l,l} is unimodal.		
S5-CLM-00006568	The multicolor size-Ramsey number of arbitrary star forests equals the stated sum of maxima.		
S5-CLM-00006569	The loci W_{d^2}[n] are irreducible for even n and have exactly two parity components for odd n, apart from the listed exceptions.		
S5-CLM-00006570	For every g and n, the rational cycle class map for the compactified moduli space of curves is an isomorphism in codimensions k at most 5.		
S5-CLM-00006571	For every n>=1, the numerator and denominator subsum polynomials are coprime.		
S5-CLM-00006572	No infinite finitely generated solvable group satisfies a generalized identity whose length is square-free.		
S5-CLM-00006573	All stated D- and I-functions for a general n-triangulated polygon are Laurent polynomials whose coefficients are all one.		
S5-CLM-00006574	The Ruzsa number R_m equals 6 for every m at least 40.		
S5-CLM-00006575	For a generic smooth real Weierstrass cubic, the compact oval is nonseparating and its exterior Cauchy transform is not algebraic.		
S5-CLM-00006576	The Macdonald shift map is an isomorphism between the two stated Laurent polynomial lattices.		
S5-CLM-00006577	The graph of the stated general quadratic rational map has the proposed piecewise degree.		
S5-CLM-00006578	For every positive integer solution, 2(a+b)/gcd(a,b)^2 lies in {1,2,3,4,5,8}.		
S5-CLM-00006579	Every cubic graph has 2-tone edge chromatic number at most nine.		
S5-CLM-00006580	The expected Lovász theta number of a random dense circulant graph is asymptotic to √n.		
S5-CLM-00006581	For each c, sufficiently dense ordinary or balanced bipartite graphs have a 2-switch graph component containing at least a 1/c fraction of all states.		
S5-CLM-00006582	The magnitude of a real hyperplane arrangement admits the stated equivalent decompositions over faces and intersection flats.		
S5-CLM-00006583	For a general boundary-format tensor, its singular-vector span fills P(H_T) except in the three listed formats.		
S5-CLM-00006584	For every connected graph of order at least three, the upper general-position number exceeds the lower one.		
